no,mutagenicity,smiles
a1,0,O=C1c2ccccc2C(=O)c3c1ccc4c3[nH]c5c6C(=O)c7ccccc7C(=O)c6c8[nH]c9c%10C(=O)c%11ccccc%11C(=O)c%10ccc9c8c45 
a2,1,C(C(=O)NN)NC(=O)C=[N+]=[N-] 
a3,1,C1=NC(=O)NC(=O)C1=[N+]=[N-] 
a4,1,O=C(\C=N#N)NCC(N)=O 
a5,1,CCCCN(CC(c1ccc(c(c1)[N+]#N)[O-])O)N=O 
a6,1,C(C(C(=O)O)N)OC(=O)C=[N+]=[N-] 
a7,1,CCN(CC(c1ccc(c(c1)[O-])[N+]#N)O)N=O 
a8,0,CC(=O)OC1(CCC2C3C=C(Cl)C4=CC(=O)OCC4(C)C3CCC12C)C(=O)C 
a9,0,Nc1nc(N)nc(N)n1 
a10,1,Cc1ccc(N=Nc2c(O)ccc3ccccc23)c(c1)[N+](=O)[O-] 
a11,0,CC(C)CC(=O)Nc1snc2ccccc12 
a12,1,Cc1cccc(c1C)[N+](=O)[O-] 
a13,0,CCCCCCC(=O)OC1(CCC2C3CCC4=CC(=O)CCC4C3CCC12C)C#C 
a14,0,CCC[N+](=O)[O-] 
a15,1,OC(=O)c1cc(cc2cccnc12)[N+](=O)[O-] 
a16,1,OC1C=Cc2c(ccc3c(Br)c4ccccc4cc23)C1O 
a17,1,NC(=O)Nc1nc2ccccc2[nH]1 
a18,0,C[C@@H](O)CCC(=O)c1cocc1 
a19,1,Nc1ccc2c(oc3ccccc23)c1 
a20,1,Cc1ccc2ccc3ccc(C)cc3c2c1 
a21,1,Cc1cc2c(nc(N)n2C)c3ncc(nc13)c4ccccc4 
a22,1,CCN(N=O)\C(=N\O)\C=O 
a23,1,NNc1nnc(NN)c2ccccc12 
a24,1,C=CC(=O)NCNC(=O)C=C 
a25,0,OCc1cc2c3ccccc3c4cccc(c1)c24 
a26,0,Cc1ccccc1c2ccccc2 
a27,0,CC1C2C3C(C)C4C(=O)C56C(=O)c7c(O)cc(C)cc7C(=O)C35C1C(=O)C68C(=O)c9c(O)cc(C)cc9C(=O)C248 
a28,0,Cc1nc(N)nc(N)n1 
a29,0,CCNc1nc(N)nc(Cl)n1 
a30,1,C1CCC(CC1)N2C3C2c4ccccc4c5ccccc35 
a31,1,CCCCB(CCCC)CCCC 
a32,1,CC(=O)NC(CSC(=C(Cl)Cl)Cl)C(=O)O 
a33,1,CC(C)[C@@H]1CC[C@H](C)[C@@H]2CC[C@H](C)C[C@@H]12 
a34,1,CCNN=NCC 
a35,1,Oc1cccc(c1)[N+](=O)[O-] 
a36,1,[O-][N+](=O)c1ccc2c(c1)c3cccc4cccc2c34 
a37,0,OCc1occc1 
a38,1,C(Cc1ccc(cc1)c2ccccc2)[C@H]3CO3 
a39,1,Oc1cc2c3ccccc3ccc2c4ccccc14 
a40,1,Oc1ccc2ccccc2c1N=Nc3ccccc3 
a41,0,N[C@@H]1CC[C@@H](C[C@@H]2CC[C@@H](N)CC2)CC1 
a42,1,COC(=O)C12CC1(C=O)C(=CC3CC(C)(C)CC23)C=O 
a43,1,CCOC(=O)C(C)Br 
a44,0,COC1(CCCC1)OC2CCC3C4CCC5CC6SC6CC5(C)C4CCC23C 
a45,1,CCN(CCCl)CCCNc1c2CCCCc2nc3ccccc13 
a46,1,C\C(=C/C(=C/C1=CCOC1=O)/C)\C=C\C=C(/C)\C(=O)C23OC2C(O)(CCO)NC3=O 
a47,0,CCO[P@](=S)(CC)Sc1ccccc1 
a48,1,Nc1ccc(c(N)c1)[N+](=O)[O-] 
a49,0,CCSCCSP(=O)(OC)OC 
a50,0,Cc1ccccc1C(=O)O 
a51,1,CC(=CC1C(C(=O)OCc2cccc(Oc3ccccc3)c2)C1(C)C)C 
a52,0,Brc1ccccc1 
a53,0,Cc1cc(N)c(cc1Cl)S(=O)(=O)O 
a54,0,Oc1ccc2cc(SSc3ccc4cc(O)ccc4c3)ccc2c1 
a55,1,CN(C)CCNC(=O)c1cccc2C(=O)c3ccccc3C(=O)c12 
a56,1,Nc1snc2c(Cl)cc(Cl)cc12 
a57,0,ClCC1(C(Cl)Cl)C2CC(Cl)(Cl)C1(CC2(Cl)Cl)C(Cl)Cl 
a58,0,Cc1cc(O)c2C(=O)c3c(O)cc(O)c(c3C(=O)c2c1)c4c(O)cc(O)c5C(=O)c6c(O)cc(C)cc6C(=O)c45 
a60,1,O=NN1CCOCC1 
a61,1,Nc1ccc(Oc2cccc(Oc3ccc(N)cc3)c2)cc1 
a62,0,Nc1ccc(Nc2ccccc2)cc1 
a63,0,CCCCCOC(=O)C(=C)C 
a64,0,OC(=O)c1ccccc1 
a65,1,Nc1ncnc2c1ncn2Cc3ccc(cc3)[N+](=O)[O-] 
a66,1,C1c2cccc3ccc4cccc1c4c23 
a67,0,Fc1ccccc1c2ccccc2 
a68,0,Clc1ccc(cc1Cl)c2ccc(Cl)c(Cl)c2Cl 
a69,1,CC(=CCc1ccc(O)c2C(=O)c3c(O)c4c(OC5OC=CC45O)cc3Oc12)C 
a70,0,CC1COCc2cc3c(cc12)C(C)(C)C(C)C3(C)C 
a71,0,Cc1cccc(Nc2cc(Cl)nc(SCC(=O)O)n2)c1C 
a72,1,Nc1ccc2ccccc2c1N=Nc3ccc(cc3)[N+](=O)[O-] 
a73,1,COc1cccc2C(=O)c3c(O)c4CC(O)(CC(OC5CC(N)C(O)C(C)O5)c4c(O)c3C(=O)c12)C(=O)CO 
a74,0,Oc1ccc(Cc2ccccc2O)cc1 
a75,0,COC(C)CCO 
a76,1,CC(=O)N(O)c1ccc(Oc2ccccc2)cc1 
a77,0,CC(C)(c1ccc(OP(O)O)cc1)c2ccc(OP(O)O)cc2 
a78,1,CCCCCCCC(=O)Cl 
a79,0,CC(C)(C)C(Br)C(=O)Nc1ccccc1 
a80,1,CCN(CC)CCNc1ccc2nc(C)n3c4ccc(O)cc4C(=O)c1c23 
a81,1,CCNC(=O)Nc1ncc(s1)[N+](=O)[O-] 
a82,1,COc1ccc(O)c2C(=O)c3c(OC)cc4O[C@@H]5OC=C[C@H]5c4c3Oc12 
a83,1,[O-][N+](=O)c1cc2Oc3cc(Cl)c(Cl)cc3Oc2cc1Cl 
a84,0,COC(=O)C(=C)C 
a85,1,Oc1ccc2c3ccc(O)c4C(=O)C=C[C@@](O)([C@@H]5[C@H]6O[C@H]6C(=O)c1c25)c34 
a87,0,Cc1cc(C)n(n1)c2[nH]nc(NN)c3c4ccccc4nc23 
a88,1,Fc1cnc2ccc3cccnc3c2c1 
a89,1,SC(NC(=O)NC(S)c1nc2ccccc2s1)c3nc4ccccc4s3 
a90,1,Cc1c2ccccc2c(CBr)c3ccccc13 
a91,1,Nc1cccc2cc3CCCCc3nc12 
a92,0,COC(=O)C=C 
a93,1,CC(=O)Nc1c(O)cc2c3ccccc3c4cccc1c24 
a94,1,OC1Cc2cc3ccc4cccc5ccc(c2C=C1)c3c45 
a95,1,Oc1ccc2c(c1)c3ccc(c4cccc2c34)[N+](=O)[O-] 
a96,0,OC1C=Cc2cc3ccccc3c(c2C1O)[N+](=O)[O-] 
a97,0,Cc1ccc(N=Nc2c(O)c(cc3ccccc23)C(=O)O)c(c1)S(=O)(=O)O 
a98,0,CN=C1C=CC(=C(c2ccc(cc2)N(C)C)c3ccc(cc3)N(C)C)C=C1 
a99,1,CCCCN(COC(=O)C)N=O 
a100,1,C1CCC2=C(C1)c3cc4ccccc4c5cc6ccccc6c2c35 
a101,1,NP(=O)(OCCC(=O)O)N(CCCl)CCCl 
a102,0,Nc1c(O)cc(Cc2cc(Cl)c(N)c(OS(=O)(=O)O)c2)cc1Cl 
a103,0,C1CSCCO1 
a104,1,Cc1ccccc1N 
a105,0,O=C1c2ccccc2c3ccccc13 
a106,0,C1CCCC2OC2CC1 
a107,1,C1Cc2c(C=C1)ccc3nc4ccc5ccccc5c4cc23 
a108,0,CS(=O)(=O)Nc1ccc(Nc2c3ccc(cc3nc4ccc(cc24)N=N#N)N=N#N)cc1 
a109,0,CN(C)CCN(Cc1ccccc1)c2ccccn2 
a110,1,C\C=C(/Cl)\C1=CC(=O)C23CC2C(C)(C)OC3(O)C1=O 
a111,0,CN(Cc1cnc2nc(N)nc(N)c2n1)c3ccc(cc3)C(=O)NC(CCC(=O)O)C(=O)O 
a112,0,CCNc1ccccc1 
a113,1,Nc1ccccc1SCCSc2ccccc2N 
a114,1,ONC(=O)c1ccccc1O 
a115,0,Nc1c(O)cccc1[N+](=O)[O-] 
a116,0,CC(C)(C)c1ccc(\C=C\c2ccc(N)cc2)cc1 
a117,1,OC(=O)C[C@H]([C@H](CC(=O)O)C(=O)O)C(=O)O 
a118,0,C1Cc2cccc3cccc1c23 
a119,1,CN(C)CCCNc1c2ccccc2nc3c(ccc(c13)[N+](=O)[O-])N(CCO)CCO 
a120,1,CCCCOc1ccc(cc1)N=O 
a121,1,Cc1cc(c(N)cc1Cl)S(=O)(=O)O 
a122,1,COC(=O)C1=CCCN(C)C1 
a124,0,OC(=O)C=C 
a125,0,OC(=O)CC(=O)O 
a126,0,CCCCC=O 
a127,1,O=Nc1ccccc1c2ccccc2 
a128,0,CN(C1CCN(CC1)c2nc3ccccc3n2Cc4ccc(F)cc4)c5nccc(O)n5 
a129,0,CSC(C)(C)C(=O)NC(CS)C(=O)O 
a130,0,C[n+]1ccc(cc1)c2cc[n+](C)cc2 
a131,1,OC(CN=N#N)C(O)C(O)C(O)C=O 
a132,0,CCCCCNc1snc2ccccc12 
a133,0,CCCCCCCCCCCC(=O)OOC(=O)CCCCCCCCCCC 
a134,0,Cc1ccc(cc1S(=O)(=O)O)[N+](=O)[O-] 
a135,0,OS(=O)(=O)c1cccc(c1)[N+](=O)[O-] 
a136,0,COc1ccc(O)c(c1)C(C)(C)C 
a137,1,[O-][N+](=O)c1ccc2C(=O)N(CCl)C(=O)c2c1 
a138,0,CC1CC(C)(C)c2cc(C(=O)C)c(C)cc2C1(C)C 
a139,1,OCc1cc2ccc3cccc4ccc(c1)c2c34 
a140,1,CCCCON(OC(=O)C)C(=O)c1ccc(cc1)c2ccccc2 
a141,0,C[C@]12CC[C@H]3[C@@H](CCC4=C3CCC(=O)C4)[C@H]1CC[C@@]2(O)C#C 
a142,0,N#Cc1ccccc1C#N 
a143,0,CC(=O)Nc1cc(ccc1C)N=[N+]([O-])c2ccc(C)c(NC(=O)C)c2 
a144,0,CC(C)OC(=O)C1=C(C)N=C(N)C(=C(O)OC2CN(C2)C(c3ccccc3)c4ccccc4)C1c5cccc(c5)[N+](=O)[O-] 
a145,0,C1CN=C(N1)c2ccc(cc2)c3cc4ccc(cc4[nH]3)C5=NCCN5 
a146,1,CC1CC2C(Cc3c[nH]c4cccc2c34)N(C)C1 
a147,0,CCCCCCOC(=O)C=C 
a148,0,CN(C)N=Nc1ccc(cc1)C(=O)O 
a149,1,ClC(Cl)(Cl)c1ccccc1 
a150,0,CCCCCCCCCCCCCCCCCCNC(=O)CCCCCCCCCCC\C=C\CCCCCCCC 
a151,0,CC1(C)OC1COc2c3OC(=O)C=Cc3cc4ccoc24 
a152,0,CCC(CC)[N+](=O)[O-] 
a153,1,CCCC(=O)\N=C\1/SN(C(=O)CCC)c2ccc(cc12)[N+](=O)[O-] 
a154,0,Cc1ccc(cc1)C#N 
a155,0,[O-][N+](=O)c1ccc2ccc3ccc(c4c5ccccc5c1c2c34)[N+](=O)[O-] 
a156,1,COc1nsc2cc(OCC3CO3)ccc12 
a157,0,OC(=O)c1c(Cl)c(Cl)c(Cl)c2Oc3c(Br)c(O)c(Br)cc3C(=O)c12 
a158,1,CCCCN(N=O)C(=N)N[N+](=O)[O-] 
a159,1,CCCON=O 
a160,0,CN(C)S(=O)(=O)N(SC(F)(Cl)Cl)c1ccccc1 
a161,1,OC1C2OC2C3=C(C=CC4C3c5cccc6cccc4c56)C1O 
a162,0,Clc1c(Cl)c(Cl)c2C(=O)OC(=O)c2c1Cl 
a163,1,C1Cc2ccc3ccc4ccccc4c3c2C1 
a164,0,NCCC#N 
a165,0,Clc1cccc2oc3ccccc3c12 
a166,1,C[C@@H]1C=Cc2c1ccc3c2ccc4ccccc34 
a167,0,CCCCC 
a168,0,Cc1cccc(O)c1 
a169,0,CCCC(=O)OCc1ccccc1[N+](=O)[O-] 
a170,1,BrCc1ccccc1 
a171,1,NC(CCN=N#N)C(=O)O 
a172,1,COc1ccc2oc(cc2c1N(CCCl)CCCl)[N+](=O)[O-] 
a173,0,CC(C)CCOC(=O)\C=C/c1ccccc1 
a174,0,FC(F)(F)c1ccccc1Cl 
a175,1,Cc1ccc(cc1)S(=O)(=O)NN 
a177,0,Cc1ccccc1S(=O)(=O)N 
a178,0,Cc1cnc(S)nc1O 
a179,1,[O-][N+](=O)c1ccc(Cl)c(c1)[N+](=O)[O-] 
a180,1,c1cc2ccc3cncc4ccc(c1)c2c34 
a181,1,ClC(=C1C(=O)NC(=O)C1(Cl)Cl)Cl 
a182,1,c1ccc2cc3c(ccc4cccnc34)cc2c1 
a183,1,CC(C)N(C(C)C)C(=O)SCC(=C(Cl)Cl)Cl 
a184,1,Cc1ccc(N)c(C)c1 
a185,1,CN(C[C@H](O)CO)N=O 
a186,0,CC(C)(C)NCC(O)c1cc(Cl)c(N)c(c1)C(F)(F)F 
a187,1,ClC1=C(Cl)C(=O)C(=C(Cl)C1=O)Cl 
a188,1,CCC(COC(=O)C=C)(COC(=O)C=C)COC(=O)C=C 
a189,0,CC12CCCC(C)(C1CCC34CC(O)(CCC23)C5(CO5)C4)C(=O)O 
a190,1,O[C@H]1C=Cc2c(ccc3c4cccc5cccc(c23)c45)[C@@H]1O 
a191,1,CC1C2C(=Nc3ccccc23)N(C)c4ccc(C)cc14 
a192,0,OC(=O)\C=C\c1ccc(Cl)cc1 
a193,0,CCc1ccc(cc1)[N+](=O)[O-] 
a194,0,NC(=O)CCCCC(=O)N 
a195,1,[O-][N+](=O)c1cccc2c1ccc3cccc(c23)[N+](=O)[O-] 
a196,0,CCCCOC(=O)c1ccccc1C(=O)OCCCC 
a197,0,OC(=O)C1Cc2c(CN1)[nH]c3ccccc23 
a198,0,CC(C)CC(NC(=O)C(Cc1ccccc1)NC(=O)CNC(=O)CN)C(=O)O 
a199,1,NC(CS\C(=C(/Cl)\C(Cl)(Cl)Cl)\Cl)C(=O)O 
a200,1,[O-][N+](=O)c1ccc(cc1)C(=O)ON(OCc2ccccc2)C(=O)c3ccccc3 
a201,1,COc1cccc(N)c1 
a202,1,CCCNC(=O)\C=C\c1oc(cc1)[N+](=O)[O-] 
a203,1,O=P1(Oc2ccccc2)OCc3ccccc3O1 
a204,0,Cc1cc(ccc1N=Nc2c(O)c3c(O)cc(cc3cc2S(=O)(=O)O)S(=O)(=O)O)c4ccc(N=Nc5c(O)c6c(O)cc(cc6cc5S(=O)(=O)O)S(=O)(=O)O)c(C)c4 
a205,1,CN(C)c1ccc(cc1)N=O 
a206,1,CN(C)N=Nc1ccc(Br)cc1 
a207,0,CC(=C)C(=O)OC(C)(C)C 
a208,0,CCc1ccccc1 
a209,0,Nc1nc(O)c2nc(O)n(C3OC(CO)C(O)C3O)c2n1 
a210,1,Nc1ccc2c3ccccc3c4cccc1c24 
a211,0,CNCc1oc(CSCCN=C(NC[C@H](O)c2ccc(O)cc2)NS(=O)(=O)C)cc1 
a212,1,Nc1ccc(cc1C#N)[N+](=O)[O-] 
a213,1,Cc1cccc(N)c1N 
a214,0,CCOC(=O)C[C@H](SP(=S)(OC)OC)C(=O)OCC 
a215,1,Nc1cccc2cccnc12 
a216,0,CC(=O)C(N=Nc1ccc(cc1Cl)c2ccc(N=NC(C(=O)C)C(=O)Nc3ccc(C)cc3C)c(Cl)c2)C(=O)Nc4ccc(C)cc4C 
a217,0,N#CCCNCCC#N 
a218,0,CC(C)C=O 
a219,0,Nc1nc2cc(Cl)c(Cl)cc2s1 
a220,0,COc1ccc(C=C)cc1 
a221,0,CCC(=O)OCC(=O)C1(OC(=O)CC)C(C)CC2C3C(Cl)CC4=CC(=O)C=CC4(C)C3C(O)CC12C 
a222,1,Clc1ccnc2ccccc12 
a223,1,COC1=CC(=O)c2c([nH]cc3c4cnccc4nc23)C1=O 
a224,1,ClCC1=C(Br)C(=O)OC1 
a225,0,CN1CCN(CC1)C2=Nc3ccccc3Oc4ccc(Cl)cc24 
a226,1,COc1cc2CCN(C)[C@H]3Cc4ccc(Oc5cc(C[C@@H]6N(C)CCc7cc(OC)c(OC)c(Oc(c1)c23)c67)ccc5OC)cc4 
a227,0,CN1CCN(CC1)c2ccc3[nH]c(nc3c2)c4ccc5[nH]c(nc5c4)c6ccc(O)cc6 
a228,1,OS(=O)(=O)C1=CC(=O)C(=O)c2ccccc12 
a229,0,Cc1ccc(cc1)S(=O)(=O)NC(=O)Nc2ncc(s2)[N+](=O)[O-] 
a231,1,Cc1c(ccc2ccccc12)[N+](=O)[O-] 
a232,1,CC(=O)ON(OCc1ccc(Br)cc1)C(=O)c2ccccc2 
a233,0,CP1(C)NP(C)(C)NP(C)(C)N1 
a234,0,CC(C)CCOCC(=O)OCC=C 
a235,0,Cl[C@@H]1[C@H](Cl)[C@@H](Cl)[C@@H](Cl)[C@@H](Cl)[C@@H]1Cl 
a236,1,OC1C2OC2c3c(ccc4cc5ccc6ccccc6c5nc34)C1O 
a237,0,C[C@]12CC[C@@H]3[C@@H](CCc4cc(O)ccc34)[C@H]1CC[C@@H]2O 
a238,0,CC(C)Nc1nc(Cl)nc(NC(C)C)n1 
a239,1,CNC(=O)CSP(=S)(OC)OC 
a240,1,CC[N+]([O-])(CC)CCNc1ccc(CO)c2Sc3ccccc3C(=O)c12 
a241,1,COc1cc2C(=O)CCc2c3c(C)cc4ccccc4c13 
a242,0,CCOc1ccccc1C(=O)N 
a243,0,OS(=O)(=O)c1ccc2cc(Oc3ccc4cc(ccc4c3)S(=O)(=O)O)ccc2c1 
a244,0,CS(=O)c1ccc(Cl)cc1 
a245,1,CCCCCCCC\C=C/CCCCCCCCN 
a246,0,NCCCNCCCN 
a247,1,NCCNCCO 
a248,1,COC(=O)[C@]12O[C@@]1(C)[C@@](O)(NC2=O)C(C)C 
a249,1,CCOS(=O)(=O)OCC 
a250,1,COc1cc(O)c2C(=O)c3c(O)cc(C)cc3Cc2c1 
a251,0,CC[C@]12CC[C@H]3[C@@H](CCC4=CC(=O)CC[C@H]34)[C@@H]1CC[C@]2(O)C#C 
a252,1,Cc1ccc(OC[C@H]2CO2)cc1 
a253,1,[O-][N+](=O)c1ccc2c3ccccc3cc(c2c1)[N+](=O)[O-] 
a254,1,CC1=CC(=O)c2ccccc2C1=O 
a255,0,CCCCCCCCc1ccc(Nc2ccc(CCCCCCCC)cc2)cc1 
a256,0,Cc1ccc(Cl)cc1[N+](=O)[O-] 
a257,1,O=C([C@@H]1CO1)c2ccc3OCOc3c2 
a258,0,CCCC(=O)OC1CCCCC1 
a259,0,CC1Cc2c(O)c(C)c3C4C(CCC(=C)c3c2C1=O)C4(C)C 
a260,1,CCC1(O)CC(OC2CC(C(OC3CC(O)C(O)C(C)O3)C(C)O2)N(C)C)c4c(O)c5C(=O)c6c(O)ccc(O)c6C(=O)c5cc4C1C(=O)OC 
a261,0,CCCCCCCCC=O 
a262,0,CS(=N)(=O)CCC(N)C(=O)O 
a263,1,COc1ccccc1NCSC 
a264,0,Clc1cccc(C=O)c1 
a265,0,CCC1=C(C(C)c2cc(O)ccc12)c3ccc(O)cc3 
a266,0,CCCCCCCCN1SC=CC1=O 
a267,0,CC(C)CCCC(C)CCCC(C)CCCC1(C)CCc2c(C)c(OC(=O)C)c(C)c(C)c2O1 
a268,0,COc1ccc(CCC(=O)c2c(O)cc(O[C@@H]3O[C@H](CO)[C@@H](O)[C@H](O)[C@H]3O[C@@H]4O[C@@H](C)[C@H](O)[C@@H](O)[C@H]4O)cc2O)cc1O 
a269,0,c1ccc2cnncc2c1 
a270,1,OS(=O)(=O)OCc1c2ccccc2c3ccc4cccc5ccc1c3c45 
a271,1,O=CC(=O)c1ccccc1 
a272,0,Oc1ccc(cc1[N+](=O)[O-])c2ccc(O)c(c2)[N+](=O)[O-] 
a273,0,[O-][N+](=O)c1cccc(COC(=O)c2ccccc2)c1 
a274,0,COC(=O)\C(=C\c1ccccc1Br)\C#N 
a275,1,[O-][N+](=O)c1ccc2c(oc3ccc(cc23)[N+](=O)[O-])c1 
a276,1,Cc1c(cc(cc1[N+](=O)[O-])[N+](=O)[O-])N=[N+]([O-])c2cc(cc(c2C)[N+](=O)[O-])[N+](=O)[O-] 
a277,1,C1CSCN1 
a278,1,OCCc1cn(N=O)c2ccccc12 
a279,1,CN(Cc1cccc(C)c1)N=O 
a280,0,CC(C)(CO)CO 
a281,0,ClN1C(=O)NC(=O)N(Cl)C1=O 
a282,0,COC(=O)\C(=C\c1occc1)\C#N 
a283,0,COc1cc(c(O)c(c1)C(C)(C)C)c2cc(OC)cc(c2O)C(C)(C)C 
a284,0,Nc1ccc(cc1)C(=O)O 
a285,1,COC(=O)Nc1cccc(OC(=O)Nc2cccc(C)c2)c1 
a286,0,OC(=O)\C=C\c1ccccc1 
a287,1,[O-][N+](=O)c1cccc(c1)C#N 
a288,0,COc1cc2CCN(C)c3cc4cc5OCOc5cc4c(c1OC)c23 
a289,0,CC(C)C(C(=O)OC(C#N)c1cccc(Oc2ccccc2)c1)c3ccc(Cl)cc3 
a290,1,CCN(CC)c1ccc(cc1)[N+](=O)[O-] 
a291,1,CCCCON(OC(=O)C)C(=O)c1ccc(cc1)C(C)(C)C 
a292,1,C\C=C(/C)\CCl 
a293,1,COc1cc(CC2CO2)ccc1O 
a294,1,Cc1c2ccccc2cc3c4C5OC5C(O)C(O)c4ccc13 
a295,0,COCCO 
a296,1,Fc1cc2ccccc2c3ncccc13 
a297,1,Cc1ccc2cc3c(ccc4ccccc34)c5CCc1c25 
a298,1,CC1(CO1)c2ccc(cc2)C#N 
a299,0,Cc1ccc(NCCO)cc1O 
a300,1,C1OCc2ccccc12 
a301,1,Fc1ccc(cc1)\C(=C\C=C\c2ccccc2)\C#N 
a302,1,COC1=NC(=O)N(CC(O)CN=N#N)C=C1 
a303,1,[O-][N+](=O)c1ccc(Oc2ccc(cc2)N=C=S)cc1 
a304,0,CC(C)C(C)C 
a305,1,c1ccc2nc3c4ccccc4c5ccccc5c3cc2c1 
a306,1,OC[C@H]1O[C@H](C[C@@H]1O)N2C=C(C(=O)NC2=O)C(F)(F)F 
a307,0,CNc1ccccc1 
a308,0,OC(=O)C(=O)C(=O)O 
a309,1,C1c2cccc3ccc4c5ccccc5cc1c4c23 
a310,1,CC(=O)Oc1ccc2c(OC3(C)OOC23C)c1 
a311,1,CCOc1ccc(NC(=O)C)cc1[N+](=O)[O-] 
a312,0,C\C=C\1/C[C@H]2C[C@@H]1C=C2 
a313,1,[O-][N+](=O)c1ccc2ccc3c4CCC=Cc4cc5ccc1c2c35 
a314,1,Nc1ncnc2c1nc(c3ccc(cc3)[N+](=O)[O-])n2c4ccc(cc4)[N+](=O)[O-] 
a315,1,ON=C1CCCCC1 
a316,1,COC1=CC(=O)c2c([nH]cc3c4ccccc4nc23)C1=O 
a317,1,NC(=N)NNc1ccc(cc1)N=NC(=S)N 
a318,1,CCc1c2ccccc2cc3c1ccc4ccccc34 
a319,1,Cc1cnc2c(ccc3c2nc(N)n3C)n1 
a320,1,BrC(=C)C=O 
a321,1,[O-][N+](=O)c1ccnc2ccccc12 
a322,0,Cn1c(N)nc2nc3ncccc3cc12 
a323,0,CN1CCC23C4Oc5c(O)ccc(CC1C2C=CC4O)c35 
a324,1,Oc1ccc2ccc3[nH]c4ccc5ccccc5c4c3c2c1 
a325,0,CCCCCCCCCCO 
a326,1,[O-][N+](=O)c1ccc(c2ccccc2[N+](=O)[O-])c(c1)[N+](=O)[O-] 
a327,1,Cc1cccc(c1)C(=O)Cl 
a328,1,OCC1OC(CC1O)N2C=C(CCCl)C(=O)NC2=O 
a329,1,Nc1cccc2cnsc12 
a330,0,COc1c2ccoc2[n+]([O-])c3ccccc13 
a331,1,COc1cc2O[C@@H]3OC=C[C@H]3c2c4Oc5cccc(O)c5C(=O)c14 
a332,0,CCCCCCCCCCCCCCCCCC[N+](C)(C)CCCCCCCCCCCCCCCCCC 
a333,0,CC1(C)CCC2(CCC3(C)C(=CCC4C5(C)CC(O)C(OC6OC(CO)C(O)C(O)C6O)C(C)(C5CCC34C)C(=O)O)C2C1)C(=O)O 
a334,0,OC(=O)CCC(=O)Nc1ccc(Cl)cc1 
a335,0,OC(Cn1ccnc1)c2ccc(CCc3ccccc3)cc2 
a336,0,CCCCOP(=O)(OCCCC)OCCCC 
a337,0,COC(=O)\C(=C\c1oc(Br)cc1)\C#N 
a338,0,CC(C)(CO)C(O)C(=O)NCCC(=O)O 
a339,1,ClCc1ccc2ccc3cccc4ccc1c2c34 
a340,1,O[C@@H]1C=Cc2c(cc3ccc4c(ccc5ccc2c3c45)[N+](=O)[O-])[C@H]1O 
a341,1,c1ccc2nccnc2c1 
a342,1,N#CC1=Cc2cccc3cccc1c23 
a343,1,CN1CCc2cc3OCOc3c4c5ccccc5CC1c24 
a344,0,CC1(C)C2CCC(=C)C1C2 
a345,0,NC(=N)NS(=O)(=O)c1ccc(N)cc1 
a346,0,CN(C)c1ccc(cc1)N=Nc2ccc(cc2)N(C)C 
a347,1,CC(C)CCCC(C)C1CCC2C3CC4OC45CC(O)CCC5(C)C3CCC12C 
a348,1,Nc1cc(c(c2ccccc2)c(c1)[N+](=O)[O-])[N+](=O)[O-] 
a350,1,CC(C)CCCC(C)C1CCC2C3C(OO)C=C4CC(O)CCC4(C)C3CCC12C 
a351,1,C[C@@H](O)CN(C)c1ccc(NN)nn1 
a352,1,Oc1ccc(cc1)c2ccccc2 
a353,0,CC(=O)\C=C/C1=C(C)CCCC1(C)C 
a354,1,COc1cccc2C(=O)c3c(O)c4C[C@](O)(C[C@H](O[C@H]5C[C@@H]([C@@H](O)[C@H](C)O5)N(C)C)c4c(O)c3C(=O)c12)C(=O)C 
a355,1,COc1cc(ccc1N)[N+](=O)[O-] 
a356,0,C\C=C/1\C[C@H](C)[C@](O)(CO)C(=O)OCC2=CC[N@@+]3([O-])CC[C@@H](OC1=O)[C@@H]23 
a357,0,COC1(NC(=O)CSCC(N)C(=O)O)C2SCC(=C(N2C1=O)C(=O)O)CSc3nnnn3C 
a358,0,CN(C)CCCN1C=CN(C)C1\C=N\O 
a359,0,CC12OOC1(C)c3c(O2)ccc4ccccc34 
a360,0,CN(C)CCNC(=O)c1cccc2nc(oc12)c3ccccc3 
a361,1,OCCCCl 
a362,0,OC(=O)COc1ccc(C(=O)c2cccs2)c(Cl)c1Cl 
a363,1,CC(=O)OC[C@H](O)CO 
a364,0,COCC(=O)O 
a365,0,Oc1ccc2ccccc2c1N=O 
a366,1,Cc1c(N)cccc1N=Nc2cccc(N)c2C 
a367,0,Oc1ccc(cc1[N+](=O)[O-])[N+](=O)[O-] 
a368,1,Clc1ccc(cc1)C(Cl)(Cl)Cl 
a369,1,CC(=O)c1ccc([nH]1)[N+](=O)[O-] 
a370,1,Nc1ncnc2c1cnn2CC(O)CN=N#N 
a371,0,NC(=O)c1cnccn1 
a372,1,OC1C2OC2c3c(ccc4ccccc34)C1O 
a373,0,C=CC(=O)OCCOCCOCCOCCOC(=O)C=C 
a374,0,Clc1cc(cc(Cl)c1Cl)N2C(=O)CCC2=O 
a375,1,CSc1cc(SC)c(N)c(C)c1N 
a376,1,CCN(N)c1ccccc1 
a377,0,CCOCCOCCOCC 
a378,0,COP(=S)(NC(C)C)Oc1ccccc1C(=O)OC(C)C 
a379,0,CC(C)(C)OOC(C)(C)C 
a380,0,CC(=O)Nc1ccc(cc1)S(=O)(=O)c2ccc(NC(=O)C)cc2 
a381,1,Nc1cc2c3C=C[C@@H](O)[C@H](O)c3ccc2c4ccccc14 
a382,0,N\C(=N/OS(=O)(=O)O)\c1ccccc1 
a383,1,ClCc1cc2cccc3ccc4c5ccccc5cc1c4c23 
a384,0,O[C@H]1CC(=C[C@@H](O)[C@@H]1O)C(=O)O 
a385,0,CC1c2cc(C)ccc2c3ccc(C)cc13 
a386,1,CC(=O)OC1Cc2ccc3ccc4cccc5cc1c2c3c45 
a387,1,CC(=O)Nc1ccc(cc1)N=Nc2cc(C)ccc2O 
a388,1,CNC(=O)NOC(=O)NC 
a389,1,O=S1(=O)CCCO1 
a390,1,Cn1c(N)nc2c3cnccc3ccc12 
a391,1,OC1OC(=O)C(=C1C(Cl)Br)Cl 
a392,1,Cc1ccc(CN2C3C2c4ccccc4c5ccccc35)cc1 
a393,1,Nc1ccc(Sc2ccccc2)cc1 
a394,1,CC(=O)N(O)c1ccc2ccccc2c1 
a395,1,CNC(=O)\C=C\c1oc(cc1)[N+](=O)[O-] 
a396,1,[O-][N+](=O)c1ccc2ccc3c4ccccc4c(c5ccc1c2c35)[N+](=O)[O-] 
a397,1,[O-][N+](=O)c1ccc2c(oc3ccccc23)c1 
a398,0,CCCCCC(=O)N 
a399,1,CNc1ccc2nccnc2c1C 
a400,0,O=C(\C=C\c1ccc(cc1)c2ccccc2)c3ccccc3 
a401,0,Cc1c(Cl)cnc2ccccc12 
a402,1,[O-][N+](=O)c1oc(cc1)c2csc(NC(=O)C(F)(F)F)n2 
a403,1,CS(=O)(=O)OCCCCOS(=O)(=O)C 
a404,1,CC(C)(C)NC(=O)\C=C\c1oc(cc1)[N+](=O)[O-] 
a405,1,CCOC[C@H]1CO1 
a406,1,O1[C@@H]2C=Cc3c(cc4ccc5cccc6ccc3c4c56)[C@H]12 
a407,0,Clc1ccc(cc1)S(=O)(=O)c2ccc(Cl)cc2 
a408,1,COP(=O)(OC)OC 
a409,0,Cc1ccc2cc3c(ccc4ccccc34)c5CC(O)c1c25 
a410,1,Cc1ccc2nsc(NC(=O)C(Cl)Cl)c2c1 
a411,0,ClCc1cccc(CCl)c1 
a412,0,O=C(Nc1ccccc1)Nc2snc3ccccc23 
a413,0,CCC(C)(C)c1cc(c(O)c(c1)C(C)(C)CC)n2nc3ccccc3n2 
a414,0,C1CCC2OCCOCCOCCOCCOC3CCCCC3OCCOCCOCCOCCOC2C1 
a415,0,COc1ccc(OC)c(\C=C\C)c1 
a416,0,OC(=O)c1cc(ccc1O)N=Nc2ccc(cc2)S(=O)(=O)Nc3ccccn3 
a417,0,c1cc2cnncc2cn1 
a418,0,CC\C=C\C 
a419,1,Oc1ccc2ccc3cc4ccccc4c5ccc1c2c35 
a420,0,CC(=C)C(=O)OCCCCCCOC(=O)C(=C)C 
a421,0,CC(=O)c1ccc2ccccc2c1 
a422,0,ClCC(=O)c1ccccc1 
a423,1,[O-][N+](=O)c1cccc2c3ccc(c4cccc(c12)c34)[N+](=O)[O-] 
a424,1,OC(=O)\C(=C(/C=O)\C(Cl)Cl)\Cl 
a425,0,Nc1cccc2c(O)nnc(O)c12 
a426,0,CCC(=O)Nc1snc2ccc(C)cc12 
a427,0,NC1=NC(=O)N(C=C1O)C2OC(CO)C(O)C2O 
a428,0,Nc1ccc(\C=C/c2ccc(N)cc2S(=O)(=O)O)c(c1)S(=O)(=O)O 
a429,0,COc1ccc(cc1)C(=C(c2ccc(OC)cc2)c3ccc(OC)cc3)Cl 
a430,1,CC(C)Oc1ccccc1OC(=O)N(C)N=O 
a431,1,Oc1ccc2c(ccc3c4ccccc4c1c23)[N+](=O)[O-] 
a432,0,CC(C)[C@@H]1CC=C(C)[C@H]2CC=C(C)C[C@H]12 
a433,1,CN(N=O)c1ccccc1 
a434,0,CN(C)CCNC(=O)c1cccc2oc(nc12)c3ccccc3 
a435,1,CCCC[C@@H](CC)COC(=O)c1ccc(N(C)C)c(c1)[N+](=O)[O-] 
a436,0,Fc1cccc(F)c1C(=O)NC(=O)Nc2ccc(Cl)cc2 
a437,1,NC(CCC(=O)NC(CSC(=O)NCCCl)C(=O)NCC(=O)O)C(=O)O 
a438,1,o1ccc2cc3ccc4cccc5ccc(c12)c3c45 
a439,1,Nc1ccc(cc1)c2ccc(cc2)c3ccc(N)cc3 
a440,0,COc1cc(ccc1O)C2=C(O)C(=O)c3c(O)cc(O)cc3O2 
a442,0,CCCCCCCCCCCCCCCCCC(=O)N 
a443,0,Cc1cnc2ccc3c(nc(NC4OC(C(O)C(O)C4O)C(=O)O)n3C)c2n1 
a445,0,Cc1ccc(cc1)S(=O)(=O)OCc2ccccc2 
a446,0,Cc1c(O)cc(cc1[N+](=O)[O-])[N+](=O)[O-] 
a447,0,CC(=O)Nc1ccc(OC(=O)c2ccccc2OC(=O)C)cc1 
a448,1,COc1cc2OC3OC=CC3c2c4OC(=O)C5=C(CCOC5=O)c14 
a449,0,CC(C)CCCC(C)C1CCC2C3CC4N(N5C(=O)c6ccccc6C5=O)C47CC(Cl)CCC7(C)C3CCC12C 
a450,1,COc1cc2CCN(C=O)c3cc4ccccc4c(c1OC)c23 
a451,0,C1CCCCCC2OC2CCCC1 
a452,1,CN(C)c1ccc(CCO)cc1 
a453,0,Oc1cccc2Oc3cc4OC5OCCC5c4c(O)c3C(=O)c12 
a454,1,CCN(CCCl)c1ccc(OCCCCCNc2c3ccccc3nc4ccccc24)cc1 
a455,1,CC(=O)OCc1c2ccccc2cc3ccc4ccccc4c13 
a456,0,OC(=O)c1cc(O)c2cccc(O)c2n1 
a457,0,CN1CCCC1=O 
a458,0,Oc1c(cccc1[N+](=O)[O-])[N+](=O)[O-] 
a459,0,CC(C)(O)C#N 
a460,0,CC(C)C[C@@H](C)N 
a461,0,NCCc1c[nH]cn1 
a462,0,CN(C)NC(=O)CCC(=O)O 
a463,1,Oc1ccc2c(O)cccc2c1 
a464,1,Cc1cc(ccc1N=Nc2ccc3c(cc(c(N)c3c2O)S(=O)(=O)O)S(=O)(=O)O)c4ccc(N=Nc5ccc6c(cc(c(N)c6c5O)S(=O)(=O)O)S(=O)(=O)O)c(C)c4 
a465,1,CCOC(=O)N(CCC=O)N=O 
a466,1,CCOC(C)C(=O)C(O)O 
a467,0,CC(O)COC(=O)C=C 
a468,0,OC1C=Cc2c(Br)c3ccc4ccccc4c3cc2C1O 
a469,0,Oc1ccc(Nc2ccc3ccccc3c2)cc1 
a470,1,COc1ccc(OC)c(c1)N=Nc2c(O)ccc3ccccc23 
a471,0,C[C@H]1CCC[C@@H](O)CCCCCc2cc(O)cc(O)c2C(=O)O1 
a472,1,[O-][N+](=O)c1cccc2cccc(c12)[N+](=O)[O-] 
a473,0,CCC#C[C@@H](C)[C@@]1(CC=C)C(=O)NC(=O)N(C)C1=O 
a474,1,CC(=O)ON(OCc1ccc(C)cc1)C(=O)c2ccccc2 
a475,1,Cn1c(nc2c3cccnc3ccc12)[N+](=O)[O-] 
a476,0,CC(=O)Nc1ccc2c(Cc3ccccc23)c1O 
a477,0,CSCCC(NC(=O)COc1ccc(Cl)cc1Cl)C(=O)O 
a478,0,COc1ccc(cc1)C(=C(CCC(=O)O)C#N)c2ccc(OC)cc2 
a479,1,COc1ccc(CC2CO2)cc1OC 
a480,1,[O-][N+](=O)c1ccccc1SS\C(=C(/Cl)\C(=C(Cl)Cl)Cl)\Cl 
a481,1,CC(=O)c1ccc2N=C3N(Cc2c1)C(=O)c4ccccc34 
a482,0,O=C(C1CCCCC1)N2C[C@H]3N(CCc4ccccc34)C(=O)C2 
a483,1,CC1c2cc(F)ccc2c3ccc(F)cc13 
a484,1,Nc1ccc2ccc3ccccc3c2c1 
a485,1,CC(=O)ON(OCc1ccc(cc1)c2ccccc2)C(=O)c3ccccc3 
a487,1,COc1ccc(cc1[N+](=O)[O-])C2=C(C(=O)c3ccccc3O2)[N+](=O)[O-] 
a488,1,CCCOS(=O)(=O)C 
a489,1,Cc1c(N)cccc1[N+](=O)[O-] 
a490,1,Nc1cnc2ccccc2c1 
a491,0,OC(=O)CCCCC1SCC2NC(=O)NC12 
a492,1,CC(C)(C)OOC(=O)c1ccccc1 
a493,0,CC(=O)C1(CCNCC1)c2ccccc2 
a494,0,NCCCCC(N)C(=O)NC(Cc1c[nH]c2ccccc12)C(=O)NC(CCCCN)C(=O)O 
a495,0,ClN1C(=O)N(Cl)C(=O)N(Cl)C1=O 
a496,0,CC1CC2C(Cc3cn(CC4CC4)c5cc(Br)cc2c35)N(C)C1 
a497,1,Cn1cnc2c3cccnc3ccc12 
a498,1,Clc1ccc(CN2C3C2c4ccccc4c5ccccc35)cc1 
a499,1,Nc1cc(ccc1c2ccc(cc2)[N+](=O)[O-])[N+](=O)[O-] 
a501,1,Cc1ccc2nc(sc2c1S(=O)(=O)O)c3ccc(N)cc3 
a502,1,OCN1[C@H](O)[C@@H](O)N(CO)C1=O 
a503,1,Oc1ccc(cc1[N+](=O)[O-])c2cccc(c2)[N+](=O)[O-] 
a504,1,Nc1cccc(N)c1C(=O)O 
a505,1,Oc1ccc2c3ccccc3c4cc5ccccc5cc4c2c1 
a506,0,Cc1ccc(Br)cc1 
a507,0,CC(O)CN1CC(C)OC1=O 
a508,1,CCNS(=O)(=O)c1ccccc1C 
a509,0,Nc1ccc2ccccc2c1N=Nc3ccccc3 
a510,1,Clc1ccc2ncccc2c1 
a511,1,CC(=O)O[C@H]([C@@H]1CO1)c2ccc3OCOc3c2 
a512,0,CCCCOC(=O)C=C 
a513,0,CCOP(=S)(OCC)Oc1nc(Cl)c(Cl)cc1Cl 
a514,0,CC1=CC(=O)Oc2cc(O)cc(O)c12 
a515,1,Cc1c(O)cc2C(=O)c3ccccc3C(=O)c2c1O 
a516,1,Nc1c2ncn(c2nc[n+]1[O-])C(c3ccccc3)(c4ccccc4)c5ccccc5 
a517,1,[O-][N+](=O)c1oc(\C=C\C=N\N2CC(=O)NC2=O)cc1 
a518,1,ONc1ccc(Sc2ccccc2)cc1 
a519,0,C1COCCOCCOCCO1 
a520,1,BrCc1c2ccccc2cc3ccccc13 
a521,1,[O-][N+](=O)c1ccc2ccc3ccc(c4ccc1c2c34)[N+](=O)[O-] 
a522,0,CN(C)CCCNC(=O)C=C 
a523,1,Nc1cccc2nc3ccccc3c(N)c12 
a524,1,[O-][N+](=O)c1ccc2ccc3c(ccc4ccc1c2c34)N=O 
a525,1,Nc1ccc(cc1)[N+](=O)[O-] 
a526,0,COc1ccccc1NC(=O)C(N=Nc2ccc(cc2Cl)c3ccc(N=NC(C(=O)C)C(=O)Nc4ccccc4OC)c(Cl)c3)C(=O)C 
a527,0,Clc1cccc(Cl)c1 
a528,0,CCc1c2ccccc2cc3ccc4ccccc4c13 
a529,0,CC(=O)NCCc1ccc(O)c(c1)c2c(O)c(O)c3C(=O)c4cc(O)c(C(=O)O)c(C(=O)O)c4C(=O)c3c2O 
a530,1,Nc1ccc(cc1O)c2ccc(N)c(O)c2 
a531,1,CS(=O)(=O)OC1CN(C1)C(c2ccccc2)c3ccccc3 
a533,0,CN(C(=O)C)c1ccc(cc1)N=Nc2ccc(cc2)N(C)C(=O)C 
a534,1,C[n+]1c2ccccc2nc3ccccc13 
a535,1,CC(C)(N=O)[N+](=O)[O-] 
a536,0,C1CCCNCC1 
a537,0,Cc1cccc(Br)c1 
a538,0,Oc1ccc(Cl)cc1Cc2ccccc2 
a539,1,COc1ccc(N)cc1 
a540,1,CCOP(=O)(OCC)[C@@H](C)NC(=O)N(CCCl)N=O 
a541,1,[O-][N+](=O)c1ccc2[nH]c3c(cccc3c2c1)[N+](=O)[O-] 
a542,0,C[C@@H](O)C(=O)O 
a543,1,OC(=O)c1ccc(\C=N\n2nnc3c4ccccc4nc3c2O)cc1 
a544,0,CCCCCCCCCCCCCCCCCC1=NCCN1CCO 
a545,1,Nc1cccc(c1)c2ccccc2 
a546,1,ONC(=O)c1ccccc1 
a547,0,NCCN1CCNCC1 
a548,0,Cc1ccc(cc1)N(CCCl)CCCl 
a549,1,OC1C=Cc2c(C1O)c3ccccc3c4cc5ccccc5cc24 
a550,0,COC(=O)c1cc2ccc3cccnc3c2[nH]1 
a551,1,[O-][N+](=O)c1ccc2ccc3cccc4c5CCCCc5c1c2c34 
a552,0,Clc1cc(Cl)c(Cl)c(Cl)c1Cl 
a553,1,Oc1ccc(cc1)C(=O)N\N=C\c2oc(cc2)[N+](=O)[O-] 
a554,0,CC(=O)Nc1ccc(C)c(c1)N=[N+]([O-])c2cc(NC(=O)C)ccc2C 
a555,0,C[C@H]1C(=O)O[C@H]2CCN3CC=C(COC(=O)[C@](C)(O)[C@]1(C)O)[C@H]23 
a556,1,CC(=O)Nc1ccc(Oc2ccc(cc2)N=O)cc1 
a557,1,C[N+]([O-])(CCCl)CCCl 
a558,0,Cc1ccc2[nH]nnc2c1 
a559,1,Cc1c(NO)cc(NO)cc1[N+](=O)[O-] 
a560,0,CCOC(=O)c1[nH]c2ccccc2c1\N=C\c3ccc(C)cc3 
a561,1,N1C2C1c3cc4c(ccc5ccccc45)cc3c6ccccc26 
a562,1,COC(=O)C1OC1c2ccccc2 
a563,0,CN(C)C1CCCCC1 
a564,1,CC(Br)C(=O)Nc1ccccc1 
a565,0,OC(=O)C1CSC(N1C(=O)CCSSCCC(=O)N2C(CSC2c3ccccc3O)C(=O)O)c4ccccc4O 
a566,0,CN1C[C@@H](C=C2[C@@H]1Cc3c[nH]c4cccc2c34)C(=O)N[C@@]5(C)O[C@]6(O)[C@H]7CCCN7C(=O)[C@@H](Cc8ccccc8)N6C5=O 
a567,1,[O-][N+](=O)c1ccc2c(Cc3ccccc23)c1 
a568,0,CN1C(CC(O)C1=O)c2cccnc2 
a569,0,CC(=O)Nc1ccc(cc1)C(=O)\C=C\c2ccccc2 
a570,1,[O-][N+](=O)c1ccc2c3ccccc3c4cccc1c24 
a571,0,CCCCCCCCC 
a572,0,CCN(CC)C(=S)SSCC(NC(=O)CCC(N)C(=O)O)C(=O)NCC(=O)O 
a573,0,CC(=O)Oc1ccc(cc1)C(c2ccc(OC(=O)C)cc2)c3ccccn3 
a574,0,Cc1ccc(N=Nc2c(O)ccc3ccccc23)c(c1)S(=O)(=O)O 
a575,0,CNCCN(Cc1ccc(OC)cc1)c2ccccn2 
a576,1,CCCO\C=C\C=C\C=C\C=C\C=C\CC 
a577,1,COC[C@H](O)Cn1ccnc1[N+](=O)[O-] 
a578,0,CCCCCCCCCCCOC(=O)c1ccccc1C(=O)OCCCCCCCCCCC 
a579,1,CC\C=C\C=C\C=C\C=C\C=C\OCC(O)CO 
a580,1,CC(Cl)C(=C)C 
a581,0,COc1c(C(=O)O)c(O)nc2ccccc12 
a582,0,CC(N)Cc1ccccc1 
a583,0,O=C1CCC(=O)O1 
a584,1,[O-][N+](=Nc1ccccc1)c2ccccc2 
a585,1,CC[C@@]1(O)C[C@H](O[C@H]2C[C@@H]([C@H](O[C@H]3C[C@H](O)[C@H](O[C@@H]4O[C@@H](C)C(=CC4=N)O)[C@H](C)O3)[C@H](C)O2)N(C)C)c5c(O)c6C(=O)c7c(O)ccc(O)c7C(=O)c6cc5[C@H]1C(=O)OC 
a586,1,CC(C)(C)CNC(=O)\C=C\c1oc(cc1)[N+](=O)[O-] 
a587,0,Cc1cccc2ccccc12 
a588,1,CCOC(=O)C(N)CS 
a589,1,O1C=C[C@H]2[C@@H]1Oc3ccccc23 
a590,0,Clc1ccc(cc1)C(c2ccc(Cl)cc2)C(Cl)(Cl)Cl 
a591,1,CS(=O)(=O)Nc1ccc(Nc2c3ccccc3nc4ccccc24)cc1 
a593,1,Nc1ccc(Cl)cc1N 
a594,1,COc1ccc2c(cc3N(C)CCc4cc5OCOc5c2c34)c1OC 
a595,0,OCCOc1cc(O)c2C(=O)C(=C(Oc2c1)c3ccc(OCCO)c(OCCO)c3)O 
a596,1,O=Nc1ccc(cc1)c2ccccc2 
a597,0,C=CCN(CC=C)CC=C 
a599,1,COc1ccc2Oc3cc(OC)cc(OC)c3C(=O)c2c1 
a600,0,CC(=O)c1ccccn1 
a601,1,CC(=O)ON(OCc1ccc(cc1)[N+](=O)[O-])C(=O)c2ccccc2 
a602,1,Nc1cc(N)c(cc1N=Nc2ccc(cc2)S(=O)(=O)N)N=Nc3ccc(cc3)S(=O)(=O)N 
a603,1,COC(=O)C(C)CN=N#N 
a604,1,C1O[C@@H]1c2cc3c4ccccc4ccc3c5ccccc25 
a605,1,O=NN1CCCCC1 
a606,0,CSCCC(=O)N1C(CSC1c2ccccc2O)C(=O)O 
a607,1,[O-][N+](=O)c1oc2ccc3cc(ccc3c2c1)N(CCCl)CCCl 
a608,1,OC1OC(CN=N#N)C(O)C(O)C1O 
a609,0,FC(F)OC(Cl)C(F)(F)F 
a610,0,Nc1ccc(cc1)S(=O)(=O)O 
a611,0,ClC1=C(Cl)C(=O)N(N=C1)S(=O)(=O)c2ccc(Cl)cc2 
a612,0,CCCCCCCCCc1ccc(O)cc1 
a613,1,COc1cc2CCN(Cc2cc1OC)N=O 
a614,0,C\C=C\C(=O)OC1CC2OC3C=C(C)C(=O)CC3(C)C1(C)C24CO4 
a615,1,CC(=O)c1oc(c(c2ccccc2)c1c3ccccc3)[N+](=O)[O-] 
a616,0,CC1(C)CCC2(CCC3(C)C(=CCC4C5(C)CC(O)C(O)C(C)(C5CCC34C)C(=O)O)C2C1)C(=O)O 
a617,1,COc1ccc2Oc3cc(O)cc(O)c3C(=O)c2c1 
a618,0,CCC(=O)Oc1ccc(cc1)\C(=C(/CC)\c2ccc(OC(=O)CC)cc2)\CC 
a619,1,NC(=O)\C=C\c1oc(cc1)[N+](=O)[O-] 
a620,0,CC1CCc2c(N3CCC(O)CC3)c(F)cc4C(=O)C(=CN1c24)C(=O)O 
a621,0,CC(=CCC\C(=C/CC\C(=C/CC\C=C(\C)/CC\C=C(\C)/CCC=C(C)C)\C)\C)C 
a622,1,CN(C)C1=C(C)N(C)N(C1=O)c2ccccc2 
a623,1,CC\C(=N/O)\C 
a624,0,Nc1nc2ccccc2s1 
a625,1,CCCCOO 
a626,1,COc1cc(ccc1O)c2nc(c3ccccc3)c([nH]2)c4ccccc4 
a627,0,Nc1nc(N)c2nc(c(N)nc2n1)c3ccccc3 
a628,1,O1C2C1c3ccccc3c4ccccc24 
a629,1,C[C@@H]1[C@H](O)CCC2=CC(=O)[C@]3(O[C@H]3[C@@]12C)[C@H]4O[C@H]4CO 
a630,1,BrCCOC(=O)C(=O)OCCBr 
a631,1,Oc1cccc2Oc3c4[C@@H]5C=CO[C@H]5Oc4cc(O)c3C(=O)c12 
a632,0,C[n+]1ccc(cc1)c2ccccc2 
a633,0,Oc1c(Br)cc(Br)cc1Br 
a634,0,COC(=O)c1cc(OC)c2OCOc2c1c3c4OCOc4c(OC)cc3C(=O)OC 
a635,1,Cc1c(\C=N\OCc2cccc(c2)[N+](=O)[O-])c3cc(ccc3n1Cc4ccccc4)[N+](=O)[O-] 
a636,1,Cc1cc2c3ccccc3cc4ccc5cccc1c5c24 
a637,0,C1CN2CCN1CC2 
a638,0,COc1cc(\C=C\C(=O)CC(=O)\C=C\c2ccc(O)c(OC)c2)ccc1O 
a639,1,Cc1nc2ccc(N)cc2nc1C 
a640,0,Cl[C@H]1C=C[C@@H]2[C@@H]1[C@@]3(Cl)C(=C(Cl)[C@]2(Cl)C3(Cl)Cl)Cl 
a641,1,[O-][N+](=O)c1cccc(c1)C(=O)\N=C\2/SN(C(=O)c3cccc(c3)[N+](=O)[O-])c4ccc(cc24)[N+](=O)[O-] 
a642,1,Nc1ccc(N=Nc2ccccc2)c(N)c1 
a643,0,C[C@@H](O)CO 
a644,0,CCC(CCCC(=O)O)COC(=O)c1ccccc1C(=O)O 
a645,1,CC(=O)NC(CS\C(=C\Cl)\Cl)C(=O)O 
a646,0,CC(C)COC(=O)C=C 
a647,1,CCc1ccc(\C=C\c2ccc(cc2)[N+](=O)[O-])cc1 
a648,1,Nc1c(cccc1[N+](=O)[O-])[N+](=O)[O-] 
a649,0,CC(Cl)(Cl)C(=O)O 
a650,1,ClC(Cl)(Cl)SN1C(=O)c2ccccc2C1=O 
a651,0,CN(C)CCOC(c1ccccc1)c2ccccc2 
a652,1,C1C=Cc2c1ccc3c2ccc4ccccc34 
a653,1,CC(=O)OCc1c2ccccc2cc3ccccc13 
a654,0,COCCOC(=O)C=C 
a655,1,CN(C)c1ccc(cc1)N=Nc2ccccc2CO 
a656,0,OCC=C 
a657,0,Oc1cc(Cl)c(Cl)c(Cl)c1Cl 
a658,0,CC(=O)Nc1ccc(cc1)S(=O)(=O)Cl 
a659,1,Cc1c(N)ccc(N=Nc2ccccc2)c1N 
a660,1,BrCCCCCBr 
a663,0,CCCCCCCCCCCCO 
a664,1,O=C1C=Cc2ccc3C(=O)C=Cc4ccc1c2c34 
a665,1,BrC1=C(Br)C(=O)OC1 
a666,0,Nc1c(Cl)cc(Cl)cc1Cl 
a667,1,c1ccc2c(c1)cc3ccc4cccc5c6ccccc6c2c3c45 
a668,0,CC(C)CNCC(C)C 
a669,1,COc1ccc2C(=O)c3c(O)c(OC)cc4ccnc(c2c1)c34 
a671,1,CCOC(=O)CNC(=O)C(C)Br 
a672,1,NCCCS(=O)(=O)Nc1ccc(Nc2c3ccc(cc3nc4ccc(cc24)N=N#N)N=N#N)cc1 
a673,1,[O-][N+](=O)c1cc(CCl)cc(c1)[N+](=O)[O-] 
a674,1,C[C@@H](O)[C@H](NC(=O)[C@H](C)[C@H](O)[C@H](C)NC(=O)[C@@H](NC(=O)c1nc(nc(N)c1C)[C@H](CC(=O)N)NC[C@H](N)C(=O)N)[C@@H](O[C@H]2O[C@@H](CO)[C@H](O)[C@@H](O)[C@@H]2O[C@@H]3O[C@H](CO)[C@@H](O)[C@H](OC(=O)N)[C@H]3O)c4c[nH]cn4)C(=O)NCCc5nc(cs5)c6nc(cs6)C(=O)NCCCN[C@H](C)c7ccccc7 
a675,0,CCCCOC(=O)c1ccccc1N 
a676,0,CCc1c2ccccc2c(C)c3c1ccc4ccccc34 
a677,1,C1C2=C3C=CC=CC3=CC4=C5OC5=C(C24)c6ccccc16 
a678,0,CCCCCOC(=O)C=C 
a679,1,CC(C)OS(=O)(=O)C 
a680,1,Cc1c2ccccc2cc3ccc4ccccc4c13 
a681,1,O=C1c2ccc3ccccc3c2c4c1ccc5ccccc45 
a682,0,OS(=O)(=O)CNc1ccc(cc1)N=Nc2cccnc2 
a683,1,Cc1cc2nc3cc(C)c(N)cc3[n+](c4ccccc4)c2cc1N 
a684,0,CN(C)CCCN1c2ccccc2Sc3ccc(Cl)cc13 
a685,0,COC(=C1[C@@H](C(=C(COC(=O)N)N=C1C)C(=O)OC(C)C)c2cccc(Cl)c2Cl)O 
a686,1,Cc1c2ccccc2c(CBr)c3ccc4ccccc4c13 
a687,0,C(=C\c1cccc(\C=C\c2ccccc2)c1)/c3ccccc3 
a688,1,[O-][N+](=O)c1ccc2ccc3ccccc3c2c1 
a689,1,Cc1cccn2c1nc3c(C)c(N)cnc23 
a690,0,Fc1cccc(F)c1C(=O)NC(=O)Nc2cc(Cl)c(Oc3ncc(cc3Cl)C(F)(F)F)c(Cl)c2 
a691,0,CCCCCCCCCCCCOC[C@H]1CO1 
a692,1,CC1C2C(=Nc3ccccc23)N(C)c4ccccc14 
a693,1,Cc1cc2ccccc2c3ccc4ccccc4c13 
a694,1,Oc1c(Cl)cc(Cl)cc1S(=O)c2cc(Cl)cc(Cl)c2O 
a695,1,CC(C)(C)C1=CC(=O)C=C(C1=O)C2=CC(=O)C=C(C2=O)C(C)(C)C 
a696,0,OC(=O)Cc1ccccc1Cl 
a697,0,CCC(CCC=C)C=O 
a698,0,NC1=C(Cl)C(=O)N(N=C1)c2ccccc2 
a699,1,COc1cccc2C(=O)c3c(O)c4CC(O)(CC(OC5CC(N)C(O)C(C)O5)c4c(O)c3C(=O)c12)C(=O)C 
a700,1,N1C2C1c3ccccc3c4ccccc24 
a701,1,O1[C@@H]2[C@H]1c3c4ccccc4cc5c6ccccc6cc2c35 
a702,0,COc1ccc2nccc([C@@H](O)[C@@H]3C[C@@H]4CCN3C[C@@H]4C=C)c2c1 
a703,1,CC(Br)C(=O)NCc1ccc(Cl)cc1 
a704,0,NNC(=O)CNc1ccc2ccccc2c1 
a705,1,[O-][N+](=O)c1cc2ccc3cc4ccccc4c5ccc(c1)c2c35 
a706,1,CC1(CO1)C(=O)Nc2ccccc2 
a707,0,Oc1ccnc(O)n1 
a708,0,COC(=O)C1O\C(=N/O)\C(=C1Cl)Cl 
a709,0,CC1(C)CC(C(=O)NC(CO)C(O)CO)C(C)(C)[N+]1=O 
a710,1,Nc1ncnc2c1ncn2CC(O)CN=N#N 
a711,1,OC(=O)COc1ccc(cc1)N(CCCl)CCCl 
a712,0,OC(=O)C1=C(O)C(=O)C=CO1 
a713,1,Cc1cccc(c1[N+](=O)[O-])[N+](=O)[O-] 
a714,1,CC(=O)Oc1ccc2OC3(C)OOC3(C)c2c1 
a715,0,CCCCCN(CCCOC)C(=O)C(CCC(=O)O)NC(=O)c1ccc(Cl)c(Cl)c1 
a716,0,C=CC(=O)c1ccc2OCOc2c1 
a717,0,C[C@@]12CCc3occc3C1CC[C@@]45CC(CCC24)C(O)(CO)C5 
a718,0,COc1c2ccoc2nc3c(O)c4OCOc4c(CC=C(C)C)c13 
a719,0,O\N=C\c1ccncc1 
a720,1,CC1\C=C(\C=C)/C(=O)OC2CC[N+]3(C)CC=C(COC(=O)C1(C)OC(=O)C)C23O 
a721,0,CCCNCCC 
a722,1,N[C@H](CCC(=O)N[C@H](CSc1ccc(cc1[N+](=O)[O-])[N+](=O)[O-])C(=O)NCC(=O)O)C(=O)O 
a723,1,CCN(CC)c1ccc2nc3ccc(cc3[o+]c2c1)N(CC)CC 
a724,1,COc1ccc(N(CCCl)CCCl)c2cc(oc12)[N+](=O)[O-] 
a725,1,CCCCCCCCON(OC(=O)C)C(=O)c1ccccc1 
a726,0,COc1cc2OC3OCCC3c2c4Oc5cccc(O)c5C(=O)c14 
a727,1,Nc1ccc(cc1)c2ccc(N)cc2 
a728,0,Cc1oc(C)cc1 
a729,1,CCCCCN(CCCC)N=O 
a730,1,Cc1cccn2c1nc3c(C)c(NO)cnc23 
a731,0,C[C@H]1Cc2c(Cl)cc(C(=O)N[C@H](Cc3ccccc3)C(=O)O)c(O)c2C(=O)O1 
a732,1,N1C2C1c3cscc3c4cscc24 
a733,1,Clc1ccc(CC[C@H]2CO2)cc1 
a734,0,Cc1ccc(\N=C\c2cccc3cccnc23)c(c1)C(=O)O 
a735,0,CN(C)c1ccccc1 
a736,0,c1cnc2cnncc2c1 
a737,1,OCC(=O)CO 
a738,0,OC(=O)c1ccc(cc1)C(=O)O 
a739,1,[O-][N+](=O)c1ccc2oc3ccccc3c2c1 
a740,1,CN(C)c1ccc2nc3cc(C)c(N)cc3nc2c1 
a741,1,COc1cccc2c1CC(c3ccc4OCOc4c23)[N+](=O)[O-] 
a742,1,[O-][N+](=O)c1ccc(C=O)c(c1)[N+](=O)[O-] 
a743,1,CCN(CC)c1ccc(cc1)[N+]#N 
a744,1,Cc1ccc(cc1[N+](=O)[O-])[N+](=O)[O-] 
a745,0,CCNc1nc(Cl)nc(NC(C)C)n1 
a746,0,COc1nncc2ccncc12 
a747,0,N[C@@H](Cc1ccc(O)c(c1)[N+](=O)[O-])C(=O)O 
a748,0,CN(N=O)c1cccnc1 
a749,0,CC(C)Nc1ccc(Nc2ccccc2)cc1 
a750,0,OC1C=Cc2c(ccc3cc4c(cc23)C(O)C(O)c5ccccc45)C1O 
a751,0,CC1(C)CC(C(=O)N)C(C)(C)N1O 
a752,1,[O-][N+](=O)c1ccc2c(ccc3ccc(cc23)[N+](=O)[O-])c1 
a753,1,ClC(COCC(Cl)C(Cl)(Cl)Cl)C(Cl)(Cl)Cl 
a754,1,[O-][N+](=O)c1ccc(\C=C\C(=O)c2ccccc2)cc1 
a755,1,c1cc2ccc3cccc4ncc(c1)c2c34 
a756,1,OCc1cc2ccccc2c3ccc4ccccc4c13 
a757,1,Cc1c(\C=N\OCc2ccccc2)c3cc(ccc3n1Cc4cccc(c4)[N+](=O)[O-])[N+](=O)[O-] 
a758,0,c1ccc(cc1)c2cccc(c2)c3ccccc3 
a759,0,CCNCCN 
a760,1,Cc1c2ccccc2c(COS(=O)(=O)O)c3ccccc13 
a761,1,C1Cc2ccc3cccnc3c2C4OC14 
a762,0,CN(C)CCN(Cc1ccccc1)c2ccccc2 
a763,0,CCCCCCCCCCCCCCCCCCO 
a764,1,COc1ccc(cc1N)C2=C(N)C(=O)c3ccccc3O2 
a765,1,Oc1cc(O)c2C(=O)c3c(O)c4[C@@H]5C=CO[C@@H]5Oc4cc3C(=O)c2c1 
a766,0,CSCNc1ccccc1C(=O)C 
a767,0,OC[C@H]1O[C@@H](Oc2cc3C=CC(=O)Oc3cc2O)[C@H](O)[C@@H](O)[C@@H]1O 
a768,1,Nc1ccc2C(=O)c3ccccc3C(=O)c2c1 
a769,0,CS(=O)(=O)c1ccc(O)c(N)c1 
a770,0,CC(=CCC\C(=C\CC\C(=C\C(=O)OCC(=O)C1(O)CCC2C3CCC4=CC(=O)C=CC4(C)C3C(O)CC12C)\C)\C)C 
a771,1,COc1ccc(cc1)[C@H]2O[C@@H]2C(=O)c3ccccc3 
a772,0,[O-][N+](=O)c1ccccc1C(F)(F)F 
a773,1,Fc1ccc(F)c2ncccc12 
a774,1,CCN(CC)CCn1nc2c3ccc(Cl)cc3Sc4c(CO)ccc1c24 
a775,1,[O-][n+]1c2ccccc2c3ccc4cccc5ccc1c3c45 
a776,0,CN1C=CN(CCOCC#C)C1\C=N\O 
a777,1,CC(=O)OCc1c2cccc3ccc4cc5cccc6ccc1c(c56)c4c23 
a778,1,CC(=O)N\N=C\C1=CN(O)c2ccccc2N1O 
a779,1,Cl[C@@H]1CN(C[C@H]1Cl)N=O 
a780,1,Nc1cccc2c(N)cccc12 
a781,1,NC(CO)C(=O)NNCc1ccc(O)c(O)c1O 
a782,1,Cc1ccccc1N=O 
a783,1,Oc1cccc(\C=N\c2snc3ccccc23)c1 
a784,0,Cc1ccc(cc1)c2oc3ccccc3n2 
a785,0,CNc1ccc2ncccc2c1N 
a786,1,ONc1ccc(cc1)[N+](=O)[O-] 
a787,1,CC(=O)Nc1ccc(N)cc1 
a788,1,Clc1c2ccccc2cc3ccccc13 
a789,1,CCCCOC[C@H]1CO1 
a790,0,CCN(C(=O)N(CC)c1ccccc1)c2ccccc2 
a791,0,Cc1cc(c(O)c(c1)C(C)(C)C)C(C)(C)C 
a792,0,CC1CC2(C)C(CCC3C4CCC(O)C4(C)CCC23)CC1=O 
a793,0,CC[C@@H](C)N 
a794,1,CCC(CC)c1cccc(OC(=O)N(C)N=O)c1 
a795,1,CC(=O)c1cc(Cc2ccc(N)c(c2)C(=O)C)ccc1N 
a796,0,Oc1c(Cl)cc(Cl)cc1Sc2cc(Cl)cc(Cl)c2O 
a797,1,CCCCN(CCC)N=O 
a798,1,Cn1ccnc1N=O 
a799,0,O1C2C=Cc3ncccc3C12 
a800,1,COc1ccc2c3ccccc3C(=O)c4cccc1c24 
a801,1,CCN(CC)c1ccc(cc1)N=Nc2ccc(cc2C#N)[N+](=O)[O-] 
a802,1,CNC1C(O)C(O)C(CO)OC1OC2C(OC3C(O)C(O)C(N=C(N)N)C(O)C3N=C(N)N)OC(C)C2(O)C=O 
a803,0,CC1=CC(=O)Oc2cc(N)ccc12 
a804,1,CC(=O)N(O)c1ccc2ccc3cccc4ccc1c2c34 
a805,0,CC1SCC(NC1=O)C(=O)NC(Cc2c[nH]cn2)C(=O)N3CCCC3C(=O)N 
a806,1,CC(=O)Nc1ccc(cc1)c2ccc(N)cc2 
a807,0,NC(=N)N=C(N)NCCc1ccccc1 
a808,1,Cc1c2C3OC3c4ccccc4c2cc5ccccc15 
a809,1,OC1C=Cc2c(C1O)c3cc4ccccc4cc3c5ccccc25 
a810,0,CCCC[C@@H](CC)COC(=O)CCCCCCCCC(=O)OC[C@H](CC)CCCC 
a811,1,Cc1ccc(C)c2c1c3ccccc3n2C 
a812,1,C1O[C@@H]1c2ccc(cc2)c3ccccc3 
a813,0,CC1=C(C)C(=O)C(=C(C)C1=O)C 
a814,0,Cc1ccc(C)cc1 
a815,0,[O-][N+](=O)c1ccc2NC(=O)CN=C(c3ccccc3)c2c1 
a816,1,ClCc1c2ccccc2cc3c1ccc4ccccc34 
a817,0,COc1cc(ccc1O)C(=O)C 
a818,0,Cc1ccc(C)c(O)c1 
a819,1,Cc1c2ccccc2c(CCl)c3ccc4ccccc4c13 
a820,0,CCc1cc(cc(CC)c1N)c2ccccc2 
a821,1,CC1=CC2CCCCC2c3ccccc13 
a822,0,Cc1cc2c3C4OC4C(O)C(O)c3ccc2c5ccccc15 
a823,0,CCCO 
a824,1,COc1cc(O)c2C(=O)c3c(O)ccc(O)c3Oc2c1 
a825,1,Nc1cccc(c1)[N+](=O)[O-] 
a826,1,Cc1ccc2ccc3c4ccccc4cc5ccc1c2c35 
a827,0,COc1cc(\C=C\C(=O)OC2CCC34CC35CCC6(C)C(CCC6(C)C5CCC4C2(C)C)C(C)CCC=C(C)C)ccc1O 
a828,1,CC(=O)OC1Cc2c(C)ccc3cc4c(ccc5ccccc45)c1c23 
a829,1,C[C@@H](O)[C@H](NC(=O)[C@@H](C)[C@@H](O)[C@@H](C)NC(=O)[C@H](NC(=O)c1nc(nc(N)c1C)[C@H](CC(=O)N)NC[C@@H](N)C(=O)N)[C@@H](O[C@@H]2O[C@H](CO)[C@@H](O)[C@H](O)[C@@H]2O[C@@H]3O[C@H](CO)[C@@H](O)[C@H](OC(=O)N)[C@H]3O)c4c[nH]cn4)C(=O)NCCc5nc(cs5)c6nc(cs6)C(=O)NCCCCN=C(N)N 
a830,0,CCOC(=O)CNC(=O)CCCCSc1[nH]cnc2ncnc12 
a831,0,CCCCCCCCCCCCCC[C@H]1CO1 
a832,1,[O-][N+](=O)c1ccc(F)c(c1)[N+](=O)[O-] 
a833,1,Cn1cnc2ccc(cc12)[N+](=O)[O-] 
a834,1,Br[C@H]1CCN(C[C@@H]1Br)N=O 
a835,0,CCC(=O)Nc1snc2ccccc12 
a836,0,CCN(CC)Cc1cc(Nc2ccnc3cc(Cl)ccc23)ccc1O 
a837,1,C[C@H]1O[C@@H](Oc2cc(O)c3C(=O)c4c(O)cc(C)cc4C(=O)c3c2)[C@H](O)[C@@H](O)[C@@H]1O 
a839,1,COc1ccc(CNC(=O)C(C)Br)cc1 
a840,0,CNC1CCc2cc(OC)c(OC)c(OC)c2C3=CC=C(OC)C(=O)C=C13 
a841,0,Clc1c(Cl)c(Cl)c(Cl)c(Cl)c1Cl 
a842,1,OC1CN(CCO1)N=O 
a843,0,Clc1ccc(cc1)N2C(=O)CCC2=O 
a844,1,Clc1ccc(cc1)C(=O)ON(OCc2ccccc2)C(=O)c3ccccc3 
a845,1,OS(=O)(=O)c1ccc2C(=O)c3c(cccc3[N+](=O)[O-])C(=O)c2c1 
a846,1,O=C(NC1CCCCC1)OC(C#C)(c2ccccc2)c3ccccc3 
a847,1,ClCc1c2ccccc2c(CCl)c3ccccc13 
a848,1,C[C@@H]1CN(C[C@H](C)N1N=O)N=O 
a849,0,[O-][N+](=O)c1cccc(c1)C(F)(F)F 
a850,1,OC1COC(NCCc2c[nH]c3ccccc23)C(O)C1O 
a851,0,O[C@H]1C[C@](O)(C[C@@H](OC(=O)\C=C/c2ccc(O)c(O)c2)[C@@H]1O)C(=O)O 
a852,0,Cc1c(cc2c(c1[N+](=O)[O-])C(C)(C)CC2(C)C)[N+](=O)[O-] 
a853,0,COC(=O)c1oc(N(O)C(=O)C)c(c2ccccc2)c1c3ccccc3 
a854,1,O[C@H]1CO[C@H]([C@H](O)[C@@H]1O)N(N=O)c2ccc(cc2)[N+](=O)[O-] 
a855,0,NC(CC(=O)c1cccc(O)c1N)C(=O)O 
a857,1,O[C@@H]1CCN(C1)N=O 
a858,0,Oc1ccccc1c2ccccc2 
a859,1,CC(=O)C1=C(O)C2C3C(Cc4cccc5[nH]cc3c45)C(C)(C)N2C1=O 
a860,1,[O-][N+](=O)C1=Cc2c3c1cccc3cc4ccc5ccccc5c24 
a861,1,c1ccc2c(c1)nc3ccc4cccc5ccc2c3c45 
a862,1,CC(=O)OCC[C@@H](C=O)c1c(O)cc2C(=O)c3cc(O)cc(O)c3C(=O)c2c1O 
a863,1,COc1ccc(NC(=O)c2csc(c2)[N+](=O)[O-])cc1 
a864,1,C\C(=C\C=O)\C=C/C=C(/C)\C=C/C1=C(C)CCCC1(C)C 
a865,1,CC(=CCC[C@@](C)(O)[C@H]1CCC=CC1=O)C 
a866,1,CCN(CC)CCn1nc2ccc(CO)c3c4ccc(Cl)cc4Sc1c23 
a867,1,CCOc1ccc2nc(N)sc2c1 
a868,1,Cc1c(C(=O)O)c(O)cc2C(=O)c3c(O)c(O)c([C@H]4O[C@@H](CO)[C@H](O)[C@@H](O)[C@@H]4O)c(O)c3C(=O)c12 
a869,0,COc1c(Cl)ccc(Cl)c1C(=O)O 
a870,0,CC(=O)c1cc(N)ccc1OCC(O)CNC(C)(C)C 
a871,0,Oc1c(I)cc2c(Oc3c(I)c(O)c(I)cc3C24OC(=O)c5ccccc45)c1I 
a872,1,OCc1c2ccccc2cc3ccccc13 
a874,0,CCCCCNCCCCC 
a875,0,OCCN1CCN(CCCN2c3ccccc3Sc4ccc(cc24)C(F)(F)F)CC1 
a876,1,Nc1ccc2nc3ccccc3c(N)c2c1 
a878,0,CC1=CCC(CC1)C(C)(C)O 
a879,1,CC1(C)CC(O)CC(C)(C)N1O 
a880,1,COc1ccc(CN2C3C2c4ccccc4c5ccccc35)cc1 
a881,0,C[C@@H](N)[C@@H](O)c1ccccc1 
a882,0,CC(CCC=C(C)C)CC=O 
a883,1,Cn1cc2ccc(cc2n1)[N+](=O)[O-] 
a884,1,Fc1ccc(cc1)C(=O)[C@H]2O[C@@H]2c3ccccc3 
a885,0,CCCCCCCCOC(=O)c1ccccc1C(=O)OCCCCCCCC 
a886,0,C[C@H]1CCCC(=O)CCC\C=C/c2cc(O)cc(O)c2C(=O)O1 
a887,0,Oc1cc2ccc(cc2cc1S(=O)(=O)O)S(=O)(=O)O 
a888,1,[O-][N+](=O)c1cccc2cnsc12 
a889,0,Oc1c(Sc2cc(Cl)cc(c2O)[N+](=O)[O-])cc(Cl)cc1[N+](=O)[O-] 
a890,1,[O-][N+](=O)c1ccc2ccc3cc4ccccc4c5ccc1c2c35 
a891,1,COC(=O)c1ccc(\C=N\n2nnc3c4ccccc4nc3c2O)cc1 
a892,0,CCCCCCC(=O)OCCN1CCN(CCCN2c3ccccc3Sc4ccc(cc24)C(F)(F)F)CC1 
a893,1,[O-][N+](=O)c1oc2cc3ccc4cccc5ccc(c2c1)c3c45 
a894,1,CCN(CC)N(O)N=O 
a895,0,Clc1ccc(C=O)cc1Cl 
a896,1,COc1ccc2c(ccc3oc(cc23)[N+](=O)[O-])c1 
a897,1,CN1CCN(CC1)N=O 
a898,0,CNc1ccc(cc1)N=Nc2ccc(NC)cc2 
a899,1,Nc1ccc(Nc2ccc(cc2)[N+](=O)[O-])cc1 
a900,0,Cc1cc(Cl)ccc1OCCCC(=O)O 
a901,0,CCOCCO 
a902,0,Brc1c(Br)c(Br)c2C(=O)OC(=O)c2c1Br 
a903,1,[O-][N+](=O)c1ccc2[nH]cnc2c1 
a904,1,[O-][N+](=O)c1ccccc1C=O 
a905,0,OC(=O)c1ccc(O)cc1 
a906,0,CC12CCC3C(CCC4=CC(=O)CCC34)C1CCC2(O)C#C 
a907,1,OC(=O)c1cc(cc(c1)[N+](=O)[O-])[N+](=O)[O-] 
a908,0,Nc1ccc(NC(=O)c2ccc(cc2)C(=O)O)cc1 
a909,0,C\C=C(/C)\C(=O)OC1CCN2CC=C(CO)C12 
a911,1,[O-][N+](=O)c1cccc2c(cccc12)C#N 
a912,1,[O-][N+](=O)c1ccc(cc1)C(=O)[C@H]2O[C@@H]2c3ccccc3 
a913,0,C[N+](C)(C)CCO 
a914,0,OCC1OC(C(O)C1O)n2cnc3c(NCC(O)COc4cccc5ccccc45)ncnc23 
a915,1,Cc1cc2nc3c(ccc4ccccc34)c(C)c2cc1C 
a916,0,CC(=CC=O)C 
a917,1,ClC(=CC=O)Cl 
a918,1,C(C1CO1)c2ccc(cc2)c3ccccc3 
a919,0,CCCCCCCCCCCCCCCC[C@H]1CO1 
a920,0,C\C(=C\C=C\C=C(/C)\C=C\C=C(/C)\C(=O)O[C@@H]1O[C@H](CO[C@@H]2O[C@H](CO)[C@@H](O)[C@H](O)[C@H]2O)[C@@H](O)[C@H](O)[C@H]1O)\C=C\C=C(\C)/C(=O)O[C@@H]3O[C@H](CO[C@@H]4O[C@H](CO)[C@@H](O)[C@H](O)[C@H]4O)[C@@H](O)[C@H](O)[C@H]3O 
a921,1,CC(C)CCC[C@@H](C)[C@@H]1CC[C@H]2[C@@H]3C[C@@H]4N(N5C(=O)c6ccccc6C5=O)[C@@]47C[C@H](CC[C@]7(C)[C@H]3CC[C@]12C)OC(=O)C 
a922,0,Nc1ccc(O)c(c1)C(=O)O 
a923,0,c1ccc(cc1)N(c2ccccc2)c3ccccc3 
a924,0,CC(C)C(O)CCC(C)C1CCC2\C(=C\C=C\3/CC(O)CC(O)C3=C)\CCCC12C 
a925,0,Oc1cc(Cl)c(O)cc1Cl 
a926,0,CCC(CO)(CO)CO 
a927,0,CC(C)OC(=O)Cc1ccccc1 
a928,0,CO\N=C(/C(=O)NC1C2SCC(=C(N2C1=O)C(=O)O)CSC(=O)c3occc3)\c4csc(N)n4 
a930,0,CCOC(=O)c1ccccc1N 
a931,1,ClCCNCCCNc1c2ccccc2nc3c1ccc4cccnc34 
a932,0,COc1cc2OC(=C(O)C(=O)c2cc1OC)c3ccc(O)cc3 
a933,1,CC(=O)Nc1ccccc1C 
a934,0,CCC1(O)CC2CN(CCc3c([nH]c4ccccc34)C(C2)(C(=O)OC)c5cc6c(cc5OC)N(C)C7C(O)(C(OC(=O)C)C8(CC)C=CCN9CCC67C89)C(=O)OC)C1 
a935,1,COc1cc(NS(=O)(=O)C)ccc1Nc2c3ccc(cc3nc4c(C)cccc24)N=N#N 
a936,0,FC1=CN(C2CCCO2)C(=O)NC1=O 
a938,0,CCCCC(C)C(OC(=O)CC(CC(=O)O)C(=O)O)C(CC(C)CCCCCCC(O)CC(O)C(C)N)OC(=O)CC(CC(=O)O)C(=O)O 
a939,0,Cc1cnc2ccc3c(ncn3C)c2n1 
a940,0,OC1C=Cc2cc3c(ccc4ccccc34)c(Cl)c2C1O 
a941,0,o1c2ccccc2c3ccccc13 
a942,1,Cc1ccc(cc1)C(=O)Cl 
a943,0,C1CCNC1 
a944,1,CC(=O)Nc1ccc(cc1)c2ccccc2 
a945,1,CC1(CO1)c2ccccc2 
a946,1,Cn1c(N=N#N)nc2c3ccccc3ccc12 
a947,0,NC(=N)c1ccc2c(N)c([nH]c2c1)C(=N)N 
a948,0,O[C@H]1N=C(c2ccccc2)c3cc(Cl)ccc3NC1=O 
a949,1,COc1nsc2c(N)cccc12 
a950,0,CC(=O)OCN=[N+](C)[O-] 
a951,0,CC(=O)NCC(O)COc1cccc2ccccc12 
a952,1,Nc1cc2cccc3ccc4cccc1c4c23 
a953,1,CCCCCON=O 
a954,0,CCCCOC(=O)CCC 
a955,0,COc1ccc(O)cc1C(C)(C)C 
a956,1,[O-][N+](=O)c1cc2cccc(c2cc1[N+](=O)[O-])[N+](=O)[O-] 
a957,0,CC(Br)(CO)CBr 
a958,1,C[N+](C)(C)CC1CO1 
a959,1,CC12OOC1(COC(=O)Nc3ccc(Cl)cc3)Oc4ccccc24 
a960,0,CN1CCOCC1 
a961,0,Cc1ccc(cc1C)N=Nc2c(O)ccc3ccccc23 
a962,1,O=C1Oc2c3CCCN4CCCc(cc2C=C1)c34 
a963,1,O=C1NC(=O)C=C1 
a964,1,ClCc1cc2c3ccccc3c4cccc(c1)c24 
a965,1,Clc1ccc(cc1)\C(=C\C=C\c2ccccc2)\C#N 
a966,1,Nc1ccc2cc(cc(O)c2c1N=Nc3ccc(cc3)c4ccc(cc4)N=Nc5c(N)ccc6cc(cc(O)c56)S(=O)(=O)O)S(=O)(=O)O 
a967,1,ClCC(=O)CCl 
a968,0,Cc1ccc(cc1)C(=O)c2cc(O)c(O)c(c2)[N+](=O)[O-] 
a969,1,CC[n+]1c(c2ccccc2)c3cc(N)ccc3c4ccc(N)cc14 
a970,1,[O-][N+](=O)c1cccc2cc(c3ccccc3c12)[N+](=O)[O-] 
a971,0,CC(=CCC\C(=C\C=C\C(=C\C=C\C(=C\C=C\C=C(/C)\C=C\C=C(/C)\C=C\C=C(/C)\CCC=C(C)C)\C)\C)\C)C 
a972,0,OC(=O)c1ccccc1Nc2cc(Cl)ccc2C(=O)O 
a973,0,Oc1cc(O)cc(O)c1 
a974,0,Nc1ccc(cc1)S(=O)(=O)Nc2nccs2 
a975,1,CC(C)(O)C1Cc2cc3C=C(C(=O)Oc3cc2O1)C(C)(C)C=C 
a976,0,Clc1cncc(Cl)c1 
a977,0,CC(Br)C(=O)N(C)Cc1ccccc1 
a978,0,COP(=O)(C)OC 
a979,0,CC(=O)C 
a980,0,OC[C@H]1O[C@H]2[C@@H](OC3=NC(=N)C=CN23)[C@@H]1O 
a982,1,[O-][N+](=O)c1ccc(\C=C\c2ccc(cc2)[N+](=O)[O-])cc1 
a983,1,CC(=O)N(O)c1ccccc1C 
a984,1,OS(=O)(=O)Oc1ccc2ccc3cc4ccccc4c5ccc1c2c35 
a985,1,CC(C)(C)OC(=O)[C@H](N)CN=[N+]=[N-] 
a986,1,COc1cc(N)ccc1C 
a987,1,c1ccc2c(c1)c3ccccc3c4cc5cnccc5cc24 
a988,0,CCC(=O)OCc1ccccc1[N+](=O)[O-] 
a989,0,Clc1ccccc1NS(=O)(=O)c2cccc3cccnc23 
a990,1,Nc1ccc2snc(Cl)c2c1 
a991,0,CC(C)(C)NCC(O)COc1nsnc1N2CCOCC2 
a992,1,Clc1ccc(cc1)c2nc3sccn3c2N=O 
a993,0,OCC12OOC1(CO)c3ccccc3O2 
a994,1,CC[C@@H](C)NC(=O)\C=C\c1oc(cc1)[N+](=O)[O-] 
a995,1,O=C1c2ccccc2C(=O)c3ccccc13 
a996,1,O[C@H]1[C@H](O)[C@H](O[C@H]([C@@H]1O)C(=O)O)N(O)c2ccc(cc2)c3ccccc3 
a997,1,COc1c2ccoc2nc3ccccc13 
a998,0,CC(C)(C)NCC(O)COc1ccccc1C2=CCCC2 
a999,0,C\C=C\CC#N 
a1000,0,C[C@@]12CCC[C@](C)([C@H]1CC[C@]34CC(=C)[C@](CC[C@@H]23)(C4)O[C@@H]5O[C@H](CO)[C@@H](O)[C@H](O)[C@H]5O[C@@H]6O[C@H](CO)[C@@H](O)[C@H](O)[C@H]6O)C(=O)O 
a1002,0,Cc1cc(O)c2C(=O)c3c(O)c(O)c(O)cc3C(=O)c2c1 
a1003,1,C[C@@H](O)CBr 
a1004,1,Nc1nc(nc2c1ncn2C3OC(CO)C(O)C3O)c4cccc(c4)[N+](=O)[O-] 
a1005,1,COc1nc2cccc(CBr)c2nc1OC 
a1006,1,CCCN(CCCCO)N=O 
a1007,1,Cc1ccc(cc1)[N+]#N 
a1008,0,CC1=CC2OC3C(O)C(O)C(C)(C34CO4)C2(CO)C(O)C1=O 
a1009,1,[O-][N+](=O)c1ccccc1CCl 
a1010,1,COc1cccc2C(=O)c3c(O)c4CC(O)(CC(O)c4c(O)c3C(=O)c12)C(=O)CO 
a1011,0,CN1CCN(CC1)c2ccc3[nH]c(Cc4ccc5[nH]c(nc5c4)c6ccc(cc6)N(CCCl)CCCl)nc3c2 
a1014,1,Oc1ccc2ccc3c4ccccc4cc5ccc1c2c35 
a1015,0,CCCC 
a1016,1,CNc1ccc2nc(C)cnc2c1C 
a1017,1,C1CC23OC2(C1)C=CC=C3 
a1018,1,Oc1c2nc3ccccc3c2nnn1\N=C\c4ccc(cc4)[N+](=O)[O-] 
a1019,1,CC(CCC(=O)O)C1CCC2C3CCC4CC(O)CCC4(C)C3CC(O)C12C 
a1020,0,Brc1ccc(cc1)c2ccccc2 
a1021,1,[O-][N+](=O)c1ccc2c(Cl)nsc2c1 
a1022,0,CN[C@@H](C)Cc1ccccc1 
a1023,0,Cc1ccc(cc1)[N+](=O)[O-] 
a1024,0,CCOCCOC(=O)c1cc(Cc2ccc(N)c(c2)C(=O)OCCOCC)ccc1N 
a1025,1,COc1cc(N)c(cc1N)[N+](=O)[O-] 
a1026,1,Nc1c2C(=O)c3ccccc3C(=O)c2c(Nc4cccc(c4)S(=O)(=O)CCOS(=O)(=O)O)cc1S(=O)(=O)O 
a1027,0,CC(O)C#N 
a1028,1,CC1CC2C(Cc3cn(CC=C)c4cccc2c34)N(C1)C#N 
a1029,0,OC1C(O)c2cccc3ccc4cccc1c4c23 
a1030,1,NC(=O)\C(=C/c1oc(cc1)[N+](=O)[O-])\c2occc2 
a1031,1,OC(C(O)C(=O)OCCBr)C(=O)OCCBr 
a1032,0,OC[C@@H](O)[C@@H](O)[C@H](O)[C@@H](O)CO 
a1033,1,C1Cc2ccc3ncccc3c2C4OC14 
a1034,1,CC(=O)C(=C)Br 
a1035,0,C(SCc1ccccc1)c2ccccc2 
a1036,0,Fc1cnc2c(c1)cc(F)c3ccccc23 
a1037,1,CC(O)\C=C\C=O 
a1038,0,Cc1c(\C=N\OCc2ccc(Cl)cc2)c3cc(ccc3n1Cc4ccccc4)[N+](=O)[O-] 
a1039,1,Oc1cccc2ccc3c4ccccc4ccc3c12 
a1040,1,ClCCN(CCCl)[P@]1(=O)NCCCO1 
a1041,0,CC\C=C\C=C\C=C\C=C\C=O 
a1042,1,COc1ccccc1N 
a1043,1,C[C@H]1CS(=O)(=O)CCN1\N=C\c2oc(cc2)[N+](=O)[O-] 
a1044,1,Nc1ccc(O)c2C(=O)c3c(N)ccc(O)c3C(=O)c12 
a1045,0,CCC1(C)CO1 
a1046,1,CCC(=C)C=O 
a1047,1,Oc1ccc(\C=N\c2snc3c(Cl)cc(Cl)cc23)cc1 
a1048,0,Nc1ccccc1C(=O)OC\C=C\c2ccccc2 
a1049,1,Cc1ccc2ccccc2n1 
a1051,1,Cc1ccc2ccc(cc2c1)[N+](=O)[O-] 
a1052,0,CC1(CO1)c2ccc(Br)cc2 
a1053,0,Cc1cc(O)c2C(=O)c3c(O)cc(O)c4c5c(O)cc(O)c6C(=O)c7c(O)cc(C)c8c1c2c(c34)c(c78)c56 
a1054,0,CC(C)NC(C)C 
a1055,1,NC(=N)NC(=O)c1nc(Cl)c(N)nc1N 
a1056,0,C\C=C(\C)/C#N 
a1057,0,Cc1ccc(Cc2ccccc2)cc1 
a1058,1,CN(Cc1cccc(Br)c1)N=O 
a1059,1,CC(=O)ON(C(=O)C)c1ccc(Sc2ccccc2)cc1 
a1060,0,CCC[C@@H](O)[C@@H](CC)CO 
a1061,0,CNC(=O)N(c1ccccc1)c2ccccc2 
a1062,1,C1C[C@@H]2O[C@@H]2C[C@@H]1[C@H]3CO3 
a1063,0,Clc1ccccc1 
a1064,1,COc1ccc(cc1[N+](=O)[O-])C(=O)Nc2ccccc2 
a1065,0,Cc1cccc(C)c1[N+](=O)[O-] 
a1066,1,[O-][N+](=O)c1ccccc1SSC(=C(Cl)Cl)Cl 
a1067,1,Cc1cc(NOS(=O)(=O)O)ccc1N 
a1068,0,NC1=NC(=O)N(C=C1)C2OC(CO)C(O)C2O 
a1069,0,CC(C)COS(=O)(=O)c1ccc(C)cc1 
a1070,1,CN(C)CCNC(=O)c1cccc2C(=O)c3ccccc3Sc12 
a1071,1,CC(C)(O)CCc1ccc(O)c2C(=O)c3c(O)c4c(OC5OC=CC45O)cc3Oc12 
a1072,0,BrCc1ccccc1CBr 
a1073,1,COC(=O)c1ccccc1O 
a1074,1,BrCCCCBr 
a1075,1,C(c1ccccc1)n2ccnc2 
a1076,1,CCC12OC1O2 
a1077,0,Cc1ncc(C[n+]2csc(CCO)c2C)c(N)n1 
a1078,0,CC1=CN(C2CC(O)C(CO)O2)C(=O)NC1=O 
a1079,1,Cc1c(c2ccccc2c3ccc4ccccc4c13)[N+](=O)[O-] 
a1080,0,CC1CCc2c(C)coc2C1 
a1081,1,CN(C)C1Cc2cccc3cccc(C1)c23 
a1082,0,COCCOCCOP1(NP(NP(N1)(OCCOCCOC)OCCOCCOC)(OCCOCCOC)OCCOCCOC)OCCOCCOC 
a1083,1,CCc1cccc(CC)c1N=O 
a1084,0,Oc1ccccc1C(=O)Oc2ccccc2 
a1085,0,COc1ccc2C3OC3C4CCCCC4c2c1 
a1086,1,CC[C@@H](O)\C=C\C=C\C=C\C=C\C=O 
a1087,1,Nc1ccc2nc3ccccc3cc2c1 
a1088,1,Cn1cnc2C(=N)[N+](=O)[CH-]Nc12 
a1089,1,Fc1cccc2cccnc12 
a1090,0,OC1CC=Cc2cccnc12 
a1091,1,Oc1ccc2c3ccccc3c4c(ccc5ccc1c2c45)[N+](=O)[O-] 
a1092,0,O=C(CN1C(=O)Sc2ccccc12)OCc3ccccc3 
a1093,0,CC(=O)N(O)c1ccccc1 
a1094,0,Clc1c(Cl)c(Cl)c2ccccc2c1Cl 
a1095,1,COc1ccc2c(c1)nc(N)n2C 
a1096,1,CCOC(=O)c1c2c(nn[n+]1[O-])c3ccccc3n2C 
a1097,1,C(N1C2C1c3ccccc3c4ccccc24)c5ccccc5 
a1098,1,O=C1c2ccccc2c3c1ccc4ccccc34 
a1099,0,CCCCCCCCCCC 
a1100,0,NC1=NC(=O)N(C=C1I)C2CC(O)C(CO)O2 
a1101,0,COC(=O)\C(=C(/OP(=O)(OC)OC)\c1cc(Cl)ccc1Cl)\Cl 
a1102,1,Nc1ncnc2c1ncn2C3OC(CO)CC3O 
a1103,0,CC(CC1=C(COC1O)C=O)C2=CCC(C)(C)C2 
a1104,1,OC[C@H](Cl)CCl 
a1105,0,CCOC(=O)OC(=O)OCC 
a1106,0,NC(=N)c1ccc(cc1)c2cc3ccc(cc3s2)C(=N)N 
a1107,1,N#N=NC(c1ccccc1)c2ccccc2 
a1108,1,Cc1cncc(C)n1 
a1109,1,CCCCCCCCCC(=O)\N=C\1/SN(C(=O)CCCCCCCCC)c2ccc(cc12)[N+](=O)[O-] 
a1110,1,FC[C@H]1CO1 
a1111,1,OC(=O)c1ccccc1C2=C3C=C(Br)C(=O)C(=C3Oc4c(Br)c(O)c(Br)cc24)Br 
a1112,1,CC1CN(CCN1)c2cc3N(C=C(C(=O)O)C(=O)c3cc2F)c4ccc(F)cc4F 
a1113,1,Fc1cccc2c1ccc3ncccc23 
a1114,0,CCCc1cc(O)nc(S)n1 
a1115,1,[O-][N+](=O)c1cc2cccc3c4CCCCc4c5cccc1c5c23 
a1116,0,Cc1ccc(C)c(O)c1C 
a1117,1,COc1ccc(cc1)c2nc([nH]c2c3ccc(OC)cc3)c4ccc(C)cc4C 
a1118,1,ClCC1=C(Cl)C(=O)OC1 
a1119,0,Oc1c(Cl)cc(Cl)cc1NC(=O)c2c(O)c(Cl)cc(Cl)c2Cl 
a1120,0,NC(=O)c1cccnc1 
a1121,1,O[C@H]1C=Cc2c(ccc3c4CCC(=O)c4cc(c23)C(F)(F)F)[C@@H]1O 
a1122,0,CCCCCCC(C\C=C\CCCCCCCC(=O)OC)OC(=O)C 
a1123,0,CCOP(=S)(OCC)SCSP(=S)(OCC)OCC 
a1124,0,CCCCCCCCBr 
a1125,1,CCO[C@@H]1C[C@@H]2[C@@H](C)C[C@H]3OC(=O)C(=C)[C@H]3C[C@@]2(C)[C@H](OCC)O1 
a1127,0,Cc1ccc2c(C)cccc2c1 
a1128,1,[O-][N+](=O)c1ccc(cc1)C(=O)\C=C\c2ccccc2 
a1129,0,CC(OP(=O)(C)F)C(C)(C)C 
a1130,0,C[C@@H](CN1c2ccccc2Sc3ccccc13)N(C)C 
a1131,1,Oc1ccc2c3ccccc3C(=O)c4cccc1c24 
a1132,1,[O-][N+](=O)c1cccc(\C=N\c2snc3ccccc23)c1 
a1133,1,CC(=O)ON(OCc1ccc(Oc2ccccc2)cc1)C(=O)c3ccccc3 
a1135,1,Cc1cnc2c(cc(C)c3c2nc(N)n3C)n1 
a1136,0,O=C1c2c(ccc3ccccc23)c4ccc5ccccc5c14 
a1137,1,COc1cccc2c(NCCCNCCCl)c3ccccc3nc12 
a1138,1,C\C=C/1\CC(=C)[C@@](C)(O)C(=O)OCC2=CCN3CC[C@H](OC1=O)[C@@H]23 
a1139,1,[O-][N+](=O)c1ccc2c(OC(=O)c3ccccc23)c1 
a1140,1,COc1c2OC(=O)C=Cc2cc3ccoc13 
a1141,1,NC(CCC(=O)NC(CS)C(=O)NCC(=O)O)C(=O)O 
a1142,0,Oc1c(Cl)ccc(Cl)c1Cl 
a1143,0,OS(=O)(=O)Oc1ccc2cc3ccc4cccc5ccc(c2c1)c3c45 
a1144,1,C(Oc1cccc(OC[C@H]2CO2)c1)[C@H]3CO3 
a1145,0,Sc1c(Cl)c(Cl)c(Cl)c(Cl)c1Cl 
a1146,1,O1[C@H]2C=Cc3cccnc3[C@@H]12 
a1147,0,CC(=O)Oc1ccccc1C(=O)Oc2ccccc2C(=O)O 
a1148,0,CCOP(=O)(CC)OCC 
a1149,0,CC(C)(C)CC(C)(C)c1ccc(O)cc1 
a1150,0,COP(=O)(OC)O\C(=C/Br)\c1ccc(Cl)cc1Cl 
a1151,1,Cc1cc(C)c(N)cc1C 
a1152,1,Nc1c(Br)cc(Br)c2C(=O)c3ccccc3C(=O)c12 
a1153,0,CCCCCCCC[C@H]1CO1 
a1154,0,O=S1(=O)CCCC1 
a1155,1,CCc1cc2ccccc2c3ccc4C(O)C(O)C5OC5c4c13 
a1156,1,CC(=O)OCc1c(O)cc2C(=O)c3ccccc3C(=O)c2c1O 
a1157,1,CCc1ccccc1Nc2ccc(Nc3ccccc3CC)c4C(=O)c5c(O)ccc(O)c5C(=O)c24 
a1158,0,C1CCC2C(C1)C3OC3c4ccccc24 
a1159,1,COc1cc(OC)c2nc3occc3c(OC)c2c1 
a1160,1,Cc1ccc2[nH]c3c(C)ccc(C)c3c2c1 
a1161,0,Nc1ccc2cc(cc(O)c2c1N=Nc3ccc(cc3S(=O)(=O)O)[N+](=O)[O-])S(=O)(=O)O 
a1163,1,[O-][N+](=O)c1ccc2c3cccc(c3cc(c2c1)[N+](=O)[O-])[N+](=O)[O-] 
a1164,1,Nc1ccc(Cc2ccc(N)cc2)cc1 
a1165,0,NCCCCCCN 
a1166,1,O=Cc1ccc2ccc3cccc4ccc1c2c34 
a1167,0,NC(=S)NCC=C 
a1168,1,CC(C)(O)CCc1ccc(O)c2C(=O)c3c(O)c4C5C=COC5Oc4cc3Oc12 
a1169,0,CN(C)c1ccc(\C=C\C(=O)c2ccccc2)cc1 
a1170,1,CCOCc1c(O)cc2C(=O)c3ccccc3C(=O)c2c1O 
a1171,0,CCO[P@](=O)(NC(C)C)Oc1ccc(SC)c(C)c1 
a1172,1,Cc1cc2c(O)cccc2c3cc4C(O)C(O)C=Cc4cc13 
a1173,1,CN1N(C(=O)C(=C1C)N=O)c2ccccc2 
a1174,0,CC1=C(SCCO1)C(=O)Nc2ccccc2 
a1175,1,Cc1c(N)cccc1N 
a1176,1,CC(N)(CN=[N+]=[N-])C(=O)O 
a1177,1,Cc1cc2c(C)c3ccccc3c(C)c2cc1C 
a1178,1,COc1cc(OC)c2C(=O)c3c(O)ccc(OC)c3Oc2c1 
a1179,0,C[C@]1(O)CC[C@@H]2[C@@H]3CC[C@H]4CC(=C(C[C@]4(C)[C@H]3CC[C@]12C)C=O)O 
a1180,1,OCCNc1ccc(NCCO)c2C(=O)c3c(O)ccc(O)c3C(=O)c12 
a1181,1,[O-][N+](=O)c1cc2CCc3cccc4ccc(c1)c2c34 
a1182,1,CN(COC(=O)C)N=O 
a1183,1,COC(=O)\C(=C\c1oc(cc1)[N+](=O)[O-])\[N+](=O)[O-] 
a1184,0,OC(=O)c1c(Br)c(Br)c(Br)c(Br)c1C(=O)O 
a1185,0,O=C(OCc1ccccc1)c2cccc3cccnc23 
a1186,1,CN1CCN(CC1)C2=CC(=O)c3[nH]c(C)c4c5ccccc5nc4c3C2=O 
a1187,1,O1[C@@H]2C=CC=C[C@H]12 
a1188,0,NC(CC(=O)c1ccccc1N)C(=O)O 
a1189,0,Cc1cc(C)nc(NS(=O)(=O)c2ccc(N)cc2)n1 
a1190,1,C1c2ccccc2c3ccc4ccc5ccccc5c4c13 
a1191,1,Nc1ccc2ccccc2c1 
a1192,1,ONc1ccc2ccccc2c1 
a1193,1,ClC1=C(COC1=O)C(Br)Br 
a1194,0,COC(=O)c1ccc(O)cc1 
a1195,0,CC(=O)N(O)c1ccc(C)cc1 
a1196,0,CCCCNCCCC 
a1197,1,CCOC(=O)N(CCO)N=O 
a1198,0,CCCOC(=O)c1cc(Cc2ccc(N)c(c2)C(=O)OCCC)ccc1N 
a1199,0,Oc1ccc2ccccc2c1 
a1200,0,Brc1c(Br)c(Br)c(Br)c(Br)c1Br 
a1201,0,CN(C)CCNC(=O)c1ccc2c(N)c3ccccc3nc2c1 
a1202,0,CC(=O)c1cc(NC(=O)NC(C)(C)C)ccc1OCC(O)CNC(C)(C)C 
a1203,0,CN(C)C(N(C)C)(c1ccccc1)c2ccccc2 
a1204,0,Cc1nnc(NS(=O)(=O)c2ccc(N)cc2)s1 
a1205,0,Oc1ccc2cccnc2c1 
a1206,0,CC(C)(Oc1ccc(cc1)[C@H]2CCCc3ccccc23)C(=O)O 
a1207,1,CCCC\C=C\C=C\C=C\C=C\C=C\OCC(O)CO 
a1208,0,O=C1C(=O)c2cccc3ccc4cccc1c4c23 
a1209,1,CN(CC(=O)C)N=O 
a1210,0,Cc1cccc(OP(=O)(Oc2ccccc2)Oc3ccccc3)c1 
a1211,1,[N-]=[N+]=NCCc1ccccc1 
a1212,1,Nc1ccc(cc1)c2ccc(cc2)[N+](=O)[O-] 
a1213,1,CN(C)CCNC(=O)c1cccc2Oc3ccccc3Oc12 
a1214,0,Nc1ccc(cc1)S(=O)(=O)Nc2ccccn2 
a1215,0,OCCOc1cc(Cl)c(Cl)cc1Cl 
a1217,1,CN(Cc1ccc(Cl)cc1)N=O 
a1218,0,COP(=S)(OC)OC 
a1219,0,CC[C@H](CC[C@@H](C)[C@H]1CC[C@H]2[C@@H]3CC=C4C[C@@H](O)CC[C@]4(C)[C@H]3CC[C@]12C)C(C)C 
a1220,1,CC(=O)N1CCC[C@H]1C(=O)N(CC(=O)O)N=O 
a1221,0,CC1C=C(C=O)C(=CC2CC(C)(C)CC12)C=O 
a1222,1,Cc1cc2ccccc2c3cc(c4ccccc4c13)[N+](=O)[O-] 
a1223,1,COc1cccc(CN2C3C2c4ccccc4c5ccccc35)c1 
a1224,0,CC(C)(C)c1cccc(c1O)C(C)(C)C 
a1225,1,COC1=CC=C(C=CC1=O)[N+](=O)[O-] 
a1226,0,C[C@@H]1O[C@H]1c2ccccc2 
a1227,0,C(Nc1[nH]cnc2ncnc12)c3ccccc3 
a1228,0,CC(C)Cc1ccc(cc1)C(=O)C 
a1229,0,CCN1CCN(C(=O)NC(C(=O)NC2C3SC(C)(C)C(N3C2=O)C(=O)O)c4ccccc4)C(=O)C1=O 
a1230,1,CC(=O)N(O)c1ccc(Oc2ccc(Cl)cc2Cl)cc1 
a1231,1,Nc1ccc2c(Cc3cc(N)ccc23)c1 
a1232,0,CCN(CC)c1ccc(cc1)c2ccc(cc2)c3ccc(cc3)c4ccc(cc4)N(CC)CC 
a1233,1,CCC(=O)N(O)c1ccc(cc1)c2ccccc2 
a1234,1,COCc1c(O)cc2C(=O)c3ccccc3C(=O)c2c1O 
a1235,1,Nc1cnc2ccc3ccccc3c2c1 
a1236,1,CNc1ccc(O)cc1 
a1237,1,C\C=C/C=C\C=O 
a1238,1,O=C1C=Cc2ccccc2C1=O 
a1239,1,OC1C2OC2c3cc4c5ccccc5c6ccccc6c4cc3C1O 
a1240,0,CCCCCCCCCCCCCCCCCC(=O)NCCCC[C@H](NC(=O)CC[C@@H](NC(=O)[C@H](C)NC(=O)[C@@H](C)O[C@H]1[C@H](O)[C@@H](CO)O[C@@H](O)[C@H]1NC(=O)C)C(=O)N)C(=O)O 
a1241,0,S=C1SC=C(S1)c2ccccc2 
a1242,0,c1ccccc1 
a1243,0,CC(C)COC(=O)COc1cc(Cl)c(Cl)cc1Cl 
a1244,0,Oc1cc(Cl)cc(Cl)c1Cl 
a1245,1,CN(N=O)N(C(=O)\C(=N/O)\C(=O)C)c1ccccc1 
a1246,0,COP(=S)(OC)Oc1ccc(SC)c(C)c1 
a1247,0,Nc1ccccc1C(=O)OCC=C 
a1248,0,COc1ccc(cc1O)C2CC(=O)c3c(O)cc(OC4OC(COC5OC(C)C(O)C(O)C5O)C(O)C(O)C4O)cc3O2 
a1249,0,C=C[C@H]1CCC=CC1 
a1250,1,C1CCC2C(C1)C=Cc3ccccc23 
a1251,1,CN1C2=NC(=O)NC(=O)C2=Nc3cc(C)c(C)cc13 
a1252,0,NC(=O)CN1C[C@H](O)CC1=O 
a1253,0,OC(=O)CCCC(=O)O 
a1254,0,COc1cc(CC=C)ccc1O 
a1255,1,Clc1cc2c3ccccc3ccc2c4ccccc14 
a1256,0,CCC(C)C=O 
a1257,0,CCOP(=S)(OCC)SCSC(C)(C)C 
a1258,0,Cc1ccc(cc1C)S(=O)(=O)O 
a1259,1,CC(=O)Nc1ccc(\C=C\C(=O)c2ccccc2)cc1 
a1260,0,OCC(COC(=O)C=C)(COC(=O)C=C)COC(=O)C=C 
a1261,0,Oc1ccccc1O 
a1262,0,NC(CSC\C=C\Cl)C(=O)O 
a1263,1,CC(=O)O[C@@H]1Cc2c3ccc4ccccc4c3cc5ccc(C)c1c25 
a1264,1,Brc1c2ccccc2cc3c1ccc4ccccc34 
a1265,0,[O-][N+](=O)c1cc(Cl)c(Cl)c(Cl)c1Cl 
a1266,1,C(Oc1ccc(Cc2ccccc2)cc1)C3CO3 
a1267,1,O=NN1CCC=CC1 
a1268,1,CC(C)(C)c1cc(ccc1N=O)c2ccccc2 
a1269,1,Cc1cc(cc(c1)C#N=O)C#N=O 
a1270,1,O[C@@H]1C=Cc2c(ccc3cc4ccccc4cc23)[C@H]1O 
a1271,1,ClCc1c2ccccc2c(Cl)c3ccccc13 
a1272,1,N[C@H](CCCN(N=O)C(=O)N)C(=O)O 
a1273,0,ON(C=O)c1cccc(Cl)c1 
a1274,0,C1CCC2OCCOCCOCCOC3CCCCC3OCCOCCOCCOC2C1 
a1275,1,CCC(COC(=O)C(=C)C)(COC(=O)C(=C)C)COC(=O)C(=C)C 
a1276,0,CCCCN(CC(O)c1ccc(O)cc1)N=O 
a1277,1,CNc1ccc(cc1)N=Nc2ccc(cc2)N(C)C(=O)C 
a1278,1,CCNC(=O)\C=C\c1oc(cc1)[N+](=O)[O-] 
a1279,0,CC(C)COC(=O)c1ccccc1C(=O)OCC(C)C 
a1280,1,COc1ccc2[nH]c3c(C)cc(N)c(C)c3c2c1 
a1281,1,CN(C)c1ccc(cc1)N=Nc2cccc(C)c2 
a1282,1,CC(=O)OCc1cc(ccc1OC(=O)C)C(=O)C 
a1283,0,CCN(CC)C(=O)Nc1ccc(OCC(O)CNC(C)(C)C)c(c1)C(=O)C 
a1284,1,Nc1c2CCCCc2nc3ccccc13 
a1285,0,C[n+]1cccc(c1)C(=O)O 
a1286,0,[O-][N+](=O)c1ccccc1c2ccccc2 
a1287,0,CC(=O)O[C@]1(CC[C@H]2[C@@H]3CCC4=CC(=O)CC[C@@H]4[C@H]3CC[C@]12C)C#C 
a1288,0,Nc1nc(O)c2nc(O)n(C3CC(O)C(CO)O3)c2n1 
a1289,1,N#Cc1cccc2cccnc12 
a1290,1,[O-][N+](=O)c1ccc(\C=C\C(=O)c2ccc(cc2)[N+](=O)[O-])cc1 
a1291,1,ClC(Cl)C(=O)C(Cl)(Cl)Cl 
a1292,1,NC(=O)N(CCC(=O)O)N=O 
a1293,0,COc1ccc(CO)cc1 
a1294,1,Oc1ccc2cc3c4ccccc4c5ccccc5c3cc2c1 
a1295,0,Brc1ccc(cc1)C(=O)\C=C\c2ccccc2 
a1296,1,[O-][N+](=O)c1ccc(S)cc1 
a1297,1,Nc1ccc(\C=C\c2ccc(cc2)C#N)cc1 
a1298,1,COc1ccc(cc1N)[N+](=O)[O-] 
a1299,0,O[C@@H]1C[C@@](O)(C[C@H](O)[C@H]1O)C(=O)O 
a1300,0,OC(=O)C(=C)Br 
a1301,1,CN1CC(O)c2cc3OCOc3c4c5ccccc5CC1c24 
a1302,1,Cc1cc(N=Nc2cccnc2)c(N)cc1N 
a1303,0,CCCCOP(=O)(OCCCC)Oc1ccccc1 
a1304,0,CC(C)CCO 
a1305,1,Nc1ccc(cc1)N=Nc2ccccc2 
a1306,1,OC(=O)CSc1ccc2c3ccccc3C(=O)c4cccc1c24 
a1307,0,Nc1nc(N)c2[nH]cnc2n1 
a1308,0,[O-][N+](=O)c1ccccc1C#N 
a1309,0,OC(=O)c1ccc(cc1)N=Nc2ccc(O)c(c2)C(=O)O 
a1310,0,OC(=O)\C=C\c1ccccc1[N+](=O)[O-] 
a1311,0,Nc1ccc(c2ccccc12)S(=O)(=O)O 
a1312,0,CCOC(=O)OC(C1CC2CCN1CC2C=C)c3ccnc4ccc(OC)cc34 
a1313,0,CCOP(=O)(OCC)Oc1cc(on1)c2ccccc2 
a1314,1,CCCCON(OC(=O)C)C(=O)c1ccc(C)cc1 
a1315,1,C\C=C(/Cl)\C=O 
a1316,0,OC(=O)CCC(=O)Nc1ccc(Cl)c(Cl)c1Cl 
a1317,0,CC(=O)CC(=O)CCC(=O)O 
a1318,1,ClC(Cl)C1=C(Cl)C(=O)OC1 
a1319,0,CC(=C)C(=O)OCCCCOC(=O)C(=C)C 
a1320,0,CCOP(=O)(OCC)Oc1nc(Cl)c(Cl)cc1Cl 
a1321,1,CCN(CC)c1ccc(cc1)C(=C2C=CC(=[N+](CC)CC)C=C2)c3ccccc3 
a1322,0,NCCNCCN 
a1323,0,COc1ccc(cc1)S(=O)(=O)N2N=CC(=C(Cl)C2=O)Cl 
a1324,1,Nc1ccc(cc1)C(=C2C=CC(=N)C=C2)c3ccc(N)cc3 
a1325,1,c1ccc2[nH]nnc2c1 
a1326,0,CC(=O)\C=C/c1ccc2OCOc2c1 
a1327,1,CN(N=O)C(=O)c1c(ncn1C)N(C)C(=O)OC(C)(C)C 
a1328,1,Cc1ccc2ccc3cc4ccccc4cc3c2c1 
a1329,0,Fc1ccc(cc1)C(=O)\C=C\c2ccccc2 
a1330,1,Cc1ccc2cc3c(ccc4ccccc34)c5[C@@H](O)Cc1c25 
a1331,1,CC[C@]1(O)C[C@@H](O)c2c(O)c3C(=O)c4c(O)cccc4C(=O)c3cc2[C@@H]1C(=O)OC 
a1332,0,Clc1c(Cl)c(Cl)c(C=C)c(Cl)c1Cl 
a1333,0,OCCc1ccccc1 
a1334,0,CCC=O 
a1335,1,O=C(OCC1CCC2OC2C1)C3CCC4OC4C3 
a1336,1,OC1C=Cc2c(ccc3cc4c(ccc5ccccc45)cc23)C1O 
a1337,0,C[N+](C)(C)CCCl 
a1338,0,CNc1ccccc1C(=O)OC 
a1339,0,CCOc1cccc(c1)[N+](=O)[O-] 
a1340,1,CN1CCN(CC1)c2c(F)cc3C(=O)C(=CN(CCF)c3c2F)C(=O)O 
a1341,0,CC(O)COC(=O)C(=C)C 
a1342,1,Cc1cccn2c1nc3ccc(NO)nc23 
a1343,0,COc1cc(OC)c(C=O)cc1OC 
a1344,1,COc1nsc2c(OCC3CO3)cccc12 
a1345,0,NS(=O)(=O)c1cc2c(NCNS2(=O)=O)cc1Cl 
a1346,1,OC1C=Cc2ccc3cc4c(ccc5ccccc45)cc3c2C1O 
a1347,0,Cc1ccsc1 
a1348,0,CN(C)C#N 
a1349,0,CCCCCCNC(=O)N1C=C(F)C(=O)NC1=O 
a1350,1,COC(=O)c1cc2OCOc2c3c1ccc4c(OC)cccc34 
a1351,1,CCOC1=CC(=O)C(=CC1=O)NC(=O)C 
a1353,0,CNC(=O)Nc1ccccc1 
a1354,1,Cc1cc(C)c(N)c(C)c1N 
a1355,0,CCNc1nc(O)nc(NC(C)C)n1 
a1356,1,C[C@@H](O)CCl 
a1357,1,Nc1ccc2c3cccc4cccc(c2c1)c34 
a1359,0,COc1ccc(C(=O)c2ccccc2)c(O)c1 
a1360,0,OC(=O)c1ccccc1C(=O)O 
a1361,1,CN(C)CCCNc1c2ccccc2nc3c(F)ccc(c13)[N+](=O)[O-] 
a1362,1,[O-][N+](=O)c1ccc2ccc3cc4C=CCCc4c5ccc1c2c35 
a1363,1,CC1(C)Cc2ncccc2c3nc(N)sc13 
a1364,0,CCCC[C@@H](CC)COC(=O)C=C 
a1365,0,Oc1ccccc1\C=N\c2snc3ccccc23 
a1366,1,CC(=O)N(O)c1ccc2c(Cc3ccccc23)c1 
a1367,0,Oc1cccc(Nc2ccccc2)c1 
a1368,1,CCN(CC)C(=S)SCC(=C)Cl 
a1369,0,Oc1c(Br)cc(cc1Br)C2(OS(=O)(=O)c3ccccc23)c4cc(Br)c(O)c(Br)c4 
a1370,1,CCN(N=O)C#N 
a1371,0,CC(C)(C)OCO 
a1372,0,CC(Br)(CBr)COP(=O)(OCC(C)(Br)CBr)OCC(C)(Br)CBr 
a1373,1,CO[C@]12[C@H]3N[C@H]3CN1C4=C([C@@H]2COC(=O)N)C(=O)C(=C(C)C4=O)N 
a1374,0,CCCCCCCC(=O)O 
a1375,1,Cn1ccc2c1ccc3ccc4ccc(O)cc4c23 
a1376,1,CC(=O)OCc1c2ccccc2c(C)c3c1ccc4ccccc34 
a1377,0,Nc1cccc(O)c1[N+](=O)[O-] 
a1378,1,c1cnc2c(c1)ccc3c2ccc4cccnc34 
a1379,0,NC1=NC(=O)N(C=C1)[C@@H]2O[C@H](COP(=O)(O)O[C@@H]3[C@@H](CO)O[C@H]([C@@H]3O)n4cnc5c(N)ncnc45)[C@@H](O)[C@H]2O 
a1380,1,c1ccc2c(c1)c3cccc4c5ccccc5cc2c34 
a1381,0,Cc1cccc(OC[C@@H](O)CNC(C)(C)C)c1C 
a1382,1,CC(=O)Oc1cc(C=O)cc2N3CC4C(N4C(=O)C)C(OC(=O)C)(O3)C(COC(=O)N)c12 
a1383,0,OC1C2OC2c3ccc4ncccc4c3C1O 
a1384,1,CN(C)c1ccc(cc1)N(C)C 
a1385,1,CCCN(C(=O)CCCl)c1snc2ccccc12 
a1386,1,COc1ccc2nc3cc(Cl)ccc3c(NC(C)CCCN(CCCl)CCCl)c2c1 
a1387,1,Nc1ncc(s1)[N+](=O)[O-] 
a1388,1,[O-][N+](=O)c1cc2CCc3cc4CCCCc4c5CCc(c1)c2c35 
a1389,0,CCCCCCCCCCCCCCCCCCN 
a1390,0,Nc1cc(cc(c1O)S(=O)(=O)O)[N+](=O)[O-] 
a1391,1,C1O[C@@H]1c2c3ccccc3cc4c2ccc5ccccc45 
a1392,0,Oc1ccc(CCC(=O)c2c(O)cc(O)cc2O)cc1 
a1393,0,CCCCCCC=O 
a1394,1,COc1cc(cc(OC)c1O)[C@H]2[C@H]3[C@H](COC3=O)[C@H](O[C@@H]4O[C@@H]5CO[C@H](O[C@H]5[C@H](O)[C@@H]4O)c6cccs6)c7cc8OCOc8cc27 
a1396,0,CC[C@@H]1NC(=O)c2cc(c(Cl)cc2N1)S(=O)(=O)N 
a1397,1,Cc1cccc2nc(O)c(O)nc12 
a1398,1,[O-][N+](=O)c1cccc2nc3ccccc3nc12 
a1399,1,[O-][N+](=O)c1cccc(c1)c2ccc(cc2[N+](=O)[O-])[N+](=O)[O-] 
a1400,1,CN(Cc1ccc(Br)cc1)N=O 
a1401,1,CNc1cc(Oc2ccc(N)cc2)ncn1 
a1402,1,CC(=O)Nc1ccc(cc1)c2ccc(NC(=O)C)cc2 
a1403,1,CC(=O)Nc1ccc(Oc2ccccc2)cc1 
a1404,1,[O-][N+](=O)c1ccc2[nH]c3ccc(cc3c2c1)[N+](=O)[O-] 
a1405,0,COc1c(O)cc2OC(=CC(=O)c2c1O)c3ccc(O)cc3 
a1406,1,CC(=O)Nc1ccc(Oc2ccc(cc2)N(OC(=O)C)C(=O)C)cc1 
a1407,0,CCCCCCCCCCCCCCCC(=O)O 
a1408,0,CC(=O)Nc1ccc(CC(=O)O)cc1 
a1409,0,COc1ccccc1O 
a1410,0,Cc1ccc2c(C)c3C(O)C(O)c4ccccc4c3nc2c1 
a1411,1,COC1=CC(=O)c2c(nc(C)c3c4CCCCc4[nH]c23)C1=O 
a1412,0,O=C1CCCCCCCCCCCCCCO1 
a1413,0,C[N+](=NC[C@H]1O[C@@H](CO)[C@H](O)[C@@H](O)[C@@H]1O)[O-] 
a1414,1,ClCC=C 
a1415,0,NC(CSC(F)(F)C(F)F)C(=O)O 
a1416,1,COc1cccc(\C=C\C)c1OC 
a1417,1,[O-][N+](=O)c1ccc(cc1)[N+](=O)[O-] 
a1418,1,Cc1cc(O)c2C(=O)c3c(O)cc(O)cc3C(=O)c2c1O 
a1419,0,NC(=O)c1ccccc1 
a1420,0,CCCCN(CCCC)CCCC 
a1421,1,Oc1ccc2ccc3c4ccccc4ccc3c2c1 
a1422,0,c1ccc2nc3c(cc2c1)c4cccc5cccc3c45 
a1423,1,CN(C)CCNC(=O)c1cccc2nc3ccccc3nc12 
a1424,1,ClC[C@]1(C(Cl)Cl)[C@@H]2CC(Cl)(Cl)[C@@]1(CCl)[C@H](Cl)[C@@H]2Cl 
a1425,1,Nc1nc2cc(O)ccc2[nH]1 
a1426,0,CCC\C=C(\CC)/C=O 
a1427,1,Nc1cccc(N)n1 
a1428,0,Cc1cc(ccc1N=Nc2cc(c3ccccc3c2N)S(=O)(=O)O)c4ccc(N=Nc5cc(c6ccccc6c5N)S(=O)(=O)O)c(C)c4 
a1429,1,[O-][N+](=O)c1ccc(c2ccc(cc2[N+](=O)[O-])[N+](=O)[O-])c(c1)[N+](=O)[O-] 
a1430,1,CC(C)(C)N(CC(=O)c1ccc(O)c(CO)c1)Cc2ccccc2 
a1431,1,C\C(=C/C=O)\Cl 
a1432,1,CC(=O)NCc1onc(n1)c2oc(cc2)[N+](=O)[O-] 
a1433,1,[O-][N+](=O)c1ccc2c(c1)nc(\C=N\OCc3ccccc3[N+](=O)[O-])n2Cc4ccccc4 
a1434,0,Nc1ccc(cc1)S(=O)(=O)Nc2cnc3c(Cl)cccc3n2 
a1435,1,[O-][N+](=O)c1cccc2c[nH]nc12 
a1436,1,COc1ccc2nc3cc(Cl)ccc3c(NCCCNCCCl)c2n1 
a1437,1,Nc1c2ncn(C(c3ccccc3)c4ccccc4)c2nc[n+]1[O-] 
a1438,0,CCCCCN 
a1439,1,CC\C=C\1/OC(=O)c2ccccc12 
a1440,1,CN(C)CCNC(=O)c1cccc2ncc(nc12)c3ccccc3 
a1441,1,COc1cc(NS(=O)(=O)C)ccc1Nc2c3ccccc3nc4ccccc24 
a1442,0,CCCCCCCOc1ccccc1NC(=O)OC(C)CN(CC)CC 
a1443,1,O=C1C=CC(=N#N)C=C1 
a1444,1,Cc1cc(ccc1[N+](=O)[O-])C(=O)O 
a1445,1,C=CCOC[C@H]1CO1 
a1446,1,CC[C@@H](C)OC(=O)\C=C\c1oc(cc1)[N+](=O)[O-] 
a1447,1,OC1C(O)c2ccc3ccc4ccccc4c3c2C5OC15 
a1448,0,CCCCOCC(=O)O 
a1449,0,CN(C)[P+](On1nnc2ccccc12)(N(C)C)N(C)C 
a1450,1,COc1ccc2C=CC3CCCCC3c2c1 
a1451,0,Cc1ccccc1C 
a1452,0,OC(=O)c1nn(Cc2ccc(Cl)cc2Cl)c3ccccc13 
a1453,0,CC(C)(C)c1cc(Cc2cc(c(O)c(c2)C(C)(C)C)C(C)(C)C)cc(c1O)C(C)(C)C 
a1454,0,CC(=C)C(=O)C 
a1455,1,CCOc1ccc(NC(=O)C[C@@H](C)O)cc1 
a1456,1,OC(=O)c1ccc(Nc2c3ccccc3nc4cc(ccc24)N=N#N)cc1 
a1457,1,OC[C@@H]1CO[C@@H](CCI)O1 
a1458,1,[O-][N+](=O)c1cc(cs1)C(=O)Nc2ccccc2 
a1459,0,CC(C)CCOC(=O)CC(C)C 
a1460,0,ClCc1ccncc1 
a1461,1,COc1c(CO)c(O)cc2C(=O)c3ccccc3C(=O)c12 
a1462,0,Cc1ccc(COS(=O)(=O)c2ccc(C)cc2)cc1 
a1463,0,OC(=O)COc1cc(Cl)c(Cl)cc1Cl 
a1465,0,Brc1ccc2C3CCCCC3C4OC4c2c1 
a1466,0,CCCCCCCCCCCCCCCC(=O)OCC1(O)CC23CCC4c5ccoc5C=CC4(C)C2CCC1C3 
a1467,1,[O-][N+](=O)c1oc(C=O)cc1 
a1468,0,OCc1cccc(c1)[N+](=O)[O-] 
a1469,0,Cc1ccc(O)cc1C 
a1470,1,CC12CCC=C(C=O)C1(C2)C=O 
a1471,0,CSc1ccc(Cl)cc1 
a1472,1,CC(=O)c1ccc(NO)cc1 
a1473,0,OC(=O)c1cc(O)c(O)c(O)c1 
a1474,1,C=CCN1C2C1c3ccccc3c4ccccc24 
a1475,1,Cc1c2ccc3ccccc3c2cc4ccc(O)c(O)c14 
a1476,0,CCC(CCC(C)O)COC(=O)CCCCC(=O)O 
a1477,1,Nc1ccc(cc1N)[N+](=O)[O-] 
a1478,1,OCc1c2ccccc2c(COS(=O)(=O)O)c3ccc4ccccc4c13 
a1479,1,Nc1ccc2cc(cc(O)c2c1N=Nc3ccc(cc3)c4ccc(cc4)N=Nc5cc(c6ccccc6c5N)S(=O)(=O)O)S(=O)(=O)O 
a1480,1,Oc1cccc2C(=O)c3cccc(O)c3C(=O)c12 
a1481,0,OCCCCCCCCCCCCCCCCCC(=O)O 
a1482,1,OC1C=Cc2c(ccc3c4ccccc4sc23)C1O 
a1483,0,CN(C)c1ccc(cc1)c2ccc(cc2)N(C)C 
a1484,1,COC(=O)Nc1nc2cc(ccc2[nH]1)\C(=N\O)\c3ccc(F)cc3 
a1485,1,COc1c(O)c2OC3OC=CC3c2c4OC(=O)C5=C(CCC5=O)c14 
a1486,1,Fc1ccc2cc3c(cc2c1)c4cccc5cccc3c45 
a1487,0,CC(C)(N=NC(C)(C)C#N)C#N 
a1488,0,C[N+](C)(C)CCCNC(=O)C=C 
a1489,0,C[N+](C)(C)CC(=O)O 
a1490,0,OCCNCCO 
a1491,0,Oc1ccc2C(=O)c3cc(O)ccc3C(=O)c2c1 
a1492,1,Nc1cc(c(N)cc1Cl)[N+](=O)[O-] 
a1493,1,COP(=O)(OC)[C@H](O)C(Cl)(Cl)Cl 
a1494,1,[O-][N+](=O)c1oc(\C=N\N2CCOC2=O)cc1 
a1495,0,[O-][N+](=O)c1c(Cl)cc2Oc3cc(Cl)c(Cl)cc3Oc2c1Cl 
a1496,0,CCCCOCC=O 
a1497,0,CCCC[C@@H](CC)COC(=O)\C=C\c1ccc(OC)cc1 
a1498,0,CS(=O)CCC(=O)N1C(CSC1c2ccccc2O)C(=O)O 
a1499,0,CCCCOC(=O)c1ccc(O)cc1 
a1500,1,OC1C=Cc2c(ccc3c(c4ccccc4cc23)[N+](=O)[O-])C1O 
a1501,1,N\C(=N/O)\c1ccccc1 
a1502,1,Nc1cc(Cl)cc(C(=O)O)c1Cl 
a1503,1,CCOP(=O)(OCC)O\C(=C/Cl)\c1ccc(Cl)cc1Cl 
a1504,1,Nc1ccc(cc1)N=Nc2cccc(N)c2N 
a1505,0,C[C@@H](C[C@H](O)[C@H]1O[C@@H]2CC[C@@]3(CC[C@@H](O3)\C=C\[C@@H](C)[C@@H]4CC(=C[C@@]5(O[C@H](C[C@@](C)(O)C(=O)O)CC[C@@H]5O)O4)C)O[C@H]2[C@H](O)C1=C)[C@H]6O[C@@]7(CCCCO7)CC[C@H]6C 
a1506,0,CC(C)(Oc1ccc(cc1)[C@@H]2CC2(Cl)Cl)C(=O)O 
a1507,0,Nc1ccc(cc1)C(=O)OCCCOC(=O)c2ccc(N)cc2 
a1508,1,CC(C)COC(=O)\C=C\c1oc(cc1)[N+](=O)[O-] 
a1509,1,Oc1cnnc(O)n1 
a1510,0,C=Cc1ccccc1C=C 
a1511,0,Oc1ccc2c(Oc3cc(O)ccc3C24OC(=O)c5ccccc45)c1 
a1512,0,CC(=C)C(=O)OCCOC(=O)C(=C)C 
a1513,0,CCCCCCCCCCCC(=O)O 
a1514,1,Cc1ccccc1c2ccc(N)cc2 
a1516,1,CN(CS(=O)(=O)O)C1=C(C)N(C)N(C1=O)c2ccccc2 
a1517,0,OC(=O)c1cc(I)cc2cccnc12 
a1518,1,ClC(Cl)(Cl)[C@@H]1CO1 
a1519,1,O=S(=O)(Cc1ccccc1)N2C3C2c4ccccc4c5ccccc35 
a1520,0,OC1CCCc2c1c(c3ccc4cccc5ccc2c3c45)[N+](=O)[O-] 
a1521,0,Cc1ncc(CO)c(CO)c1O 
a1522,1,CC(C)CCOS(=O)(=O)C 
a1523,0,BrC(C(=O)NCc1ccccc1)c2ccccc2 
a1524,1,ClC(=O)c1c(Cl)cccc1Cl 
a1525,1,NC1=CC(=O)C(=O)c2ccccc12 
a1526,1,Cc1cc(c2ccccc2c1)[N+](=O)[O-] 
a1528,0,CC(C)(C)C(=O)C(Oc1ccc(Cl)cc1)n2ccnc2 
a1529,0,Nc1ncnc2c1ncn2C3OC(CO)C(O)C3O 
a1531,1,[O-][N+](=O)c1cc(cs1)C(=O)Nc2ccccc2[N+](=O)[O-] 
a1532,1,CC(=C)C=O 
a1533,1,O1c2c1c3cc4ccccc4cc3c5ccccc25 
a1534,1,[O-][N+](=O)c1ccc(Oc2c(Cl)cc(Cl)cc2Cl)cc1 
a1535,0,CC[C@@H](C)c1ccccc1O 
a1536,1,C(Oc1ccccc1Cc2ccccc2)C3CO3 
a1537,1,CC[n+]1c2ccccc2nc3ccccc13 
a1538,1,CC1=CC2=C(C=O)C(=O)[C@](C)(O)[C@H](O)C2=CO1 
a1539,1,C[n+]1c2ccccc2cc3ccc(N)cc13 
a1540,1,[O-][N+](=O)c1cccc2c(cccc12)[N+](=O)[O-] 
a1541,1,CC(=O)C1c2cccc(O)c2C(=O)c3c(O)cccc13 
a1542,0,Clc1cc2Oc3cc(Cl)c(Cl)cc3Oc2cc1Cl 
a1543,0,OCC(O)C(O)C(O)C(O)C1SCC(N1N=O)C(=O)O 
a1544,0,CCCN(CCC)S(=O)(=O)c1ccc(cc1)C(=O)O 
a1545,1,OC(=O)c1ccc(Cl)c(c1)[N+](=O)[O-] 
a1546,0,Clc1cccc(Cl)c1NC2=NCCN2 
a1547,0,N#CCCC#N 
a1549,1,FC(F)(F)COC=C 
a1550,0,[O-][N+](=O)c1ccc(Nc2[nH]cnc3ncnc23)cc1 
a1551,0,OC(=O)C[C@H](Cl)C(=O)O 
a1552,0,Oc1ccc(cc1)C(=O)\C=C\c2ccccc2 
a1553,1,Clc1ccccn1 
a1554,0,CC1=C(O)C(=C(C(=O)C1=O)C2=C(O)C(=C(C)C(=O)C2=O)O)O 
a1555,1,COc1cc(N)c2C(=O)c3ccccc3C(=O)c2c1N 
a1556,1,C[C@@H](CN(C[C@H](C)OC(=O)C)N=O)OC(=O)C 
a1557,1,Oc1cc2ccc3cccc4ccc(n1)c2c34 
a1558,1,[O-][N+](=O)c1ccc2ccc3ccc(c4c5CCCCc5c1c2c34)[N+](=O)[O-] 
a1560,1,Cc1ccc2nc3c(ccc4ccccc34)c(C)c2c1 
a1561,1,ClCc1cnc(Cl)nc1Cl 
a1562,1,COc1cccc(NC(=O)c2csc(c2)[N+](=O)[O-])c1 
a1563,1,Nc1ccc(O)c2C(=O)c3ccccc3C(=O)c12 
a1564,0,c1ccc(cc1)c2ccccc2 
a1565,1,[O-][N+](=O)c1ccc2Oc3cc(ccc3Oc2c1)[N+](=O)[O-] 
a1566,1,OC1C(O)c2cc3c(ccc4ccccc34)cc2c5ccccc15 
a1567,1,CCC1=C(O)C(=O)c2c(O)c(O)c(O)c(O)c2C1=O 
a1568,0,C1CNCCN1 
a1569,1,Cc1nc2C(=O)C=CC(=O)c2c3[nH]c4ccccc4c13 
a1570,1,Cc1ccc2c(cccc2c1)[N+](=O)[O-] 
a1571,0,C1COCCOCCOCCOCCO1 
a1572,0,CC(C)NCC(O)COc1ccccc1CC=C 
a1573,1,[O-][N+](=O)c1ccc2ccc3cccc4c5ccccc5c1c2c34 
a1574,1,CCOP(=S)(OCC)S[C@@H]1OCCO[C@H]1SP(=S)(OCC)OCC 
a1575,0,CC(=CCC\C(=C\CO)\C)C 
a1576,1,[O-][N+](=O)c1cc(Cl)ccc1Cl 
a1577,1,Nc1cccc2Cc3ccccc3c12 
a1578,0,CC12CCC3C(CCC4CC(O)CCC34C)C1CCC(=O)N2 
a1579,1,OCCCNP(=O)(O)N(CCCl)CCCl 
a1581,0,CCCCNc1snc2ccccc12 
a1582,0,O=CNc1ccccc1 
a1583,1,CCCCOc1ccc(\C=N\c2ccc(CC)cc2)cc1 
a1584,0,CC(C)C1=CC(=O)C(=CC1=O)C 
a1585,1,OC1OC(=O)C(=C1Cl)Cl 
a1586,1,Fc1ccc2ncccc2c1 
a1587,1,[O-][N+](=O)c1ccc(C=C)cc1 
a1588,0,COC(=O)c1occ(c2ccccc2)c1c3ccccc3 
a1590,1,CCC(=O)OCc1ccc(cc1)[N+](=O)[O-] 
a1591,0,CCC(C)c1cc(cc(c1O)[N+](=O)[O-])[N+](=O)[O-] 
a1592,1,CCOC(=O)[C@H](CCSC)NC(=O)[C@H](Cc1cccc(c1)N(CCCl)CCCl)NC(=O)[C@@H](N)Cc2ccc(F)cc2 
a1593,1,O1C2C1c3cscc3c4cscc24 
a1594,0,CC(C)OC(=O)c1cc(Cc2ccc(N)c(c2)C(=O)OC(C)C)ccc1N 
a1595,1,OC1C=Cc2c(ccc3cccnc23)C1O 
a1596,1,c1ccc2cc3c(ccc4ccncc34)cc2c1 
a1597,0,Oc1cccc2Cc3cccc(O)c3C(=O)c12 
a1598,1,Nc1cccc2cccc(N)c12 
a1599,1,CC(=O)c1cccn1[N+](=O)[O-] 
a1600,0,SCc1ccccc1 
a1601,1,Nc1ccc(c2ccc(cc2N)[N+](=O)[O-])c(c1)[N+](=O)[O-] 
a1602,1,Oc1c(Br)cc2c(Oc3c(Br)c(O)c(Br)cc3C24OS(=O)(=O)c5ccccc45)c1Br 
a1603,1,CC(=O)Nc1ccc(C)cc1 
a1604,1,Nc1ncnc2c1ncn2C(c3ccccc3)c4ccccc4 
a1605,0,OCC1OC(CC1O)N2C=C(\C=C\Br)C(=O)NC2=O 
a1606,1,O=C(ON(OCc1ccccc1)C(=O)c2ccccc2)c3ccc(cc3)C#N 
a1607,0,Nc1nc(O)c2ncn(C3CC(CO)C=C3)c2n1 
a1608,1,COC(=O)c1c(O)c2ccccc2c3OC(C)(C)C=Cc13 
a1609,0,CC(C)(C)OC(=O)C=C 
a1610,0,Nc1c2C(=O)c3ccccc3C(=O)c2c(NC4CCCCC4)cc1S(=O)(=O)O 
a1611,1,CCCC[C@@H]1C(=O)N(N(C1=O)c2ccc(O)cc2)c3ccccc3 
a1612,1,O[C@H](CBr)[C@H](O)[C@H](O)[C@@H](O)CBr 
a1613,1,CCc1nc2ccc(NC)c(C)c2nc1CC 
a1614,0,CC(C)(Br)C(=O)NCc1ccccc1 
a1617,0,CC(C)CCCCCCOC(=O)c1ccccc1C(=O)OCCCCCCC(C)C 
a1618,1,Cn1cnc(c2ccccc2)c1[N+](=O)[O-] 
a1619,1,CNc1ccc2ccc3ccc(O)cc3c2c1 
a1620,1,[O-][N+](=O)c1oc(C(=O)CBr)c(c2ccccc2)c1c3ccccc3 
a1621,0,CCN(CC)c1ccc2C(=CC(=O)Oc2c1)C 
a1622,1,[O-][N+](=O)c1cc(cs1)C(=O)Nc2cccc(Cl)c2 
a1623,1,Oc1cc2C(=O)c3ccccc3C(=O)c2c(O)c1O 
a1624,0,Oc1cc(Cl)cc(Cl)c1 
a1625,1,ClCc1c2ccccc2cc3ccccc13 
a1626,0,CC(=C)C1CCC(=C)C2C1C=C(C)C(=O)C3=C2C(=O)C(C)(O)C3 
a1627,1,CCCCBr 
a1628,0,Cc1cc(C)c(C)cc1C 
a1629,1,Nc1cc(N)c(c2ccccc2)c(c1)[N+](=O)[O-] 
a1630,1,CCc1cccc(NC(=O)c2csc(c2)[N+](=O)[O-])c1 
a1632,1,N1[C@@H]2[C@H]1c3cccc4cccc2c34 
a1633,1,[O-][N+](=O)c1ccc2c(c1)C(=O)c3cc(cc(c23)[N+](=O)[O-])[N+](=O)[O-] 
a1634,0,CCOC(=O)COc1ccc2C(=O)C=C(Oc2c1)c3ccccc3 
a1635,0,Clc1ccc(CO[C@H](Cn2ccnc2)c3ccc(Cl)cc3Cl)cc1 
a1636,0,c1ccsc1 
a1638,0,CCCCOB(OCCCC)OCCCC 
a1639,0,O=C1CCCCCCCCCCCC(=O)OCCO1 
a1640,1,CCCN(N=O)C(=N)N[N+](=O)[O-] 
a1642,1,CC(C)(c1ccc(OCC(O)CO)cc1)c2ccc(OCC3CO3)cc2 
a1643,1,Oc1ccc(Cl)cc1Cc2cc(Cl)ccc2O 
a1645,0,CN(C)c1ccc(cc1)C2CC3(C)C(CCC3(O)CCCO)C4CCC5=CC(=O)CCC5=C24 
a1646,0,OCC1OC(CC1O)N2C=C(CCCCl)C(=O)NC2=O 
a1647,0,CCCC=O 
a1648,1,CCCCCC(=O)\N=C\1/SN(C(=O)CCCCC)c2ccc(cc12)[N+](=O)[O-] 
a1649,1,Cc1ccc2cc(ccc2c1)[N+](=O)[O-] 
a1650,1,[O-][N+](=O)c1cc[n+]([O-])cc1 
a1651,0,ClC(=C(Cl)C(=C(Cl)Cl)Cl)Cl 
a1652,1,c1ccc2c(c1)ccc3cc4cnccc4cc23 
a1653,1,ClNc1ccc2c(Cc3ccccc23)c1 
a1654,1,[O-][N+](=O)c1cnc2c(c1)nc3ccccn23 
a1655,1,Cc1ccc(C)c2c3ccccc3[nH]c12 
a1656,0,Cc1cc2ncccc2c3ncn(C)c13 
a1657,1,C\C=C/1\C[C@H](C)[C@@](O)(CO)C(=O)OCC2=CCN3CC[C@@H](OC1=O)[C@H]23 
a1658,0,CC(C)CNc1snc2ccccc12 
a1659,1,[O-][N+](=O)c1ccc2C(=O)c3ccccc3c2c1 
a1660,1,Nc1ccc2c(Cc3ccccc23)c1 
a1661,1,CN(C)c1ccc(cc1)N=Nc2ccc3[nH]ncc3c2 
a1662,1,BrCc1c2ccccc2c3ccc4cccc5ccc1c3c45 
a1663,1,COC(=O)\C(=C\c1oc(cc1)[N+](=O)[O-])\C#N 
a1664,1,Cc1cc(C)c2c(ccc3ccccc23)c1 
a1665,1,Nc1cc(ccc1C(=O)O)[N+](=O)[O-] 
a1666,0,CC(O)C(C)O 
a1667,0,CCC1(CC(=O)O)OCCc2c1[nH]c3c(C)cccc23 
a1668,1,Nc1cc(N)c(cc1N=Nc2ccc(cc2)c3ccc(cc3)N=Nc4ccc(O)c(c4)C(=O)O)N=Nc5ccc(cc5)S(=O)(=O)O 
a1669,0,C[N+]1([O-])CCC(=CC1)c2ccccc2 
a1670,1,CC(=O)Nc1ccc(NC(=O)C)c2C(=O)c3ccccc3C(=O)c12 
a1671,0,COc1cc2N3[C@H]4[C@@H]5[C@@H](CC3=O)OCC=C6CN7CC[C@]4([C@H]7C[C@@H]56)c2cc1OC 
a1672,0,CNc1c(C)cc2ncccc2c1N 
a1673,0,COc1nncc2ccccc12 
a1674,0,CCC1OC(=O)C(C)C(OC2CC(C)(OC)C(O)C(C)O2)C(C)C(OC3OC(C)CC(C3O)N(C)C)C(C)(O)CC(C)CN(C)C(C)C(O)C1(C)O 
a1675,0,OC(=O)c1cc(Cl)ccc1O 
a1676,1,C[C@H]1CN(N=O)C(=O)NC1=O 
a1677,1,ClCc1cc2c3ccccc3cc4ccc5cccc1c5c24 
a1678,0,CC(C)c1ccc(C)c2c(cc(C)c2c1)S(=O)(=O)O 
a1679,1,COc1ccc(cc1)[N+](=O)[O-] 
a1680,1,O1[C@@H]2C=Cc3c(ccc4c5C=Cc6cccc(cc34)c56)[C@H]12 
a1681,1,O=C1CCCc2c1ccc3c2ccc4ccccc34 
a1682,1,Nc1cccc(N)c1 
a1683,1,O=NN1CCN(CC1)N=O 
a1684,0,C[N+](C)(C)Cc1ccccc1 
a1685,0,O=C=Nc1cccc2c(cccc12)N=C=O 
a1686,0,CCCCCCCCCCCCS 
a1687,1,COc1cccc2c1cc3NC(=O)c4cc5OCOc5c2c34 
a1688,1,C1CSCCS1 
a1689,1,NC(=O)C1(O[C@H]1C(=O)c2ccccc2)C(=O)N 
a1690,1,CCCCCn1cc2C[C@@H]3[C@H](C=C(C)CN3C)c4cccc1c24 
a1691,1,Cc1cc(Cc2ccc(N)c(C)c2)ccc1N 
a1693,0,CCCCCC\C=C/CCCCCCOC(=O)C 
a1694,0,Oc1ccc2c(cccc2c1)S(=O)(=O)O 
a1695,0,CC1CCCC(=O)CCCCCc2cc(O)cc(O)c2C(=O)O1 
a1696,0,CC\C(=C(\CC)/c1ccc(O)cc1)\c2ccc(O)cc2 
a1697,1,CCN(CC)c1ccc(cc1)N=Nc2ccc(cc2)[N+](=O)[O-] 
a1698,0,Nc1ccc2ncccc2c1 
a1699,0,OC(=S)c1ccccc1 
a1700,1,CCOP(=O)(OCC)Oc1cc(C)nc(n1)C(C)C 
a1701,0,COC(C)CCOC(=O)C 
a1702,0,OCC(O)C(O)C(O)C(O)C(=O)O 
a1703,1,CCOC(=O)c1[nH]c2ccccc2c1\N=C\c3ccc(O)cc3 
a1704,1,OC(=O)CNC(=O)c1ccc(cc1)[N+](=O)[O-] 
a1705,0,O=C1NC(=O)NC(=O)N1 
a1706,0,Oc1ccc2cc(cc(c2c1N=Nc3ccc(cc3)S(=O)(=O)O)S(=O)(=O)O)S(=O)(=O)O 
a1707,0,CCCCCC(=O)OC1(CCC2C3CCC4=CC(=O)CCC4C3CCC12C)C(=O)C 
a1708,1,O[C@H]1CCCN(C1)N=O 
a1709,1,ClCC(=O)c1ccc(Cl)cc1Cl 
a1710,1,[O-][N+](=O)c1ccc(CNc2[nH]cnc3ncnc23)cc1 
a1711,1,Nc1ccc2cccc3c4ccccc4c1c23 
a1712,1,CC(=O)OCc1ccc(cc1)N=Nc2ccc(COC(=O)C)cc2 
a1713,1,CC(OP(=O)(OC(C)C(Br)CBr)OC(C)C(Br)CBr)C(Br)CBr 
a1714,1,O[C@@H]1C=Cc2ccc3c(ccc4ccccc34)c2[C@H]1O 
a1715,1,C(OCC1CCC2OC2C1)C3CCC4OC4C3 
a1716,0,CC1(N(O)c2ccccc2C1=O)c3ccccc3 
a1717,1,c1ccc2c(c1)ccc3cc4ccc5ccccc5c4cc23 
a1718,1,COc1cc(OC)c2C3C=COC3Oc2c1 
a1720,1,C[n+]1cccc2[C@@H]3O[C@@H]3C=Cc12 
a1722,1,Cc1cc2ncccc2c3nc(N=N#N)n(C)c13 
a1723,0,COC(=O)C1=C(C)N=C(C)C(=C(O)OCCc2ccc(cc2)N3CCN(CC3)C(c4ccccc4)c5ccccc5)C1c6cccc(c6)[N+](=O)[O-] 
a1724,1,OC1C=Cc2c(ccc3c(Cl)c4ccccc4cc23)C1O 
a1725,1,O=C1C(=O)c2cc3ccccc3c4ccc5cccc1c5c24 
a1726,1,Cc1ccc2c(ccc3[nH]c4ccc5ccccc5c4c23)c1 
a1727,0,CN(C)C(=S)N(C)C 
a1728,1,CCCCCCCCCCCCCCN(OC(=O)C)c1ccc2c(Cc3ccccc23)c1 
a1730,0,OC1C(O)c2ccc3c(ccc[n+]3[O-])c2C4OC14 
a1731,0,Clc1ccccc1C=C 
a1732,1,BrCc1cc2c3ccccc3c4cccc(c1)c24 
a1733,0,NC1=NC(=O)N(C=C1CCCl)C2CC(O)C(CO)O2 
a1735,0,Fc1cnc2c(ccc3ncc(F)cc23)c1 
a1736,0,C\C(=C(/CCOC(=O)c1ccccc1)\SC(=O)c2ccccc2)\N(Cc3cnc(C)nc3N)C=O 
a1737,0,C[C@@H](O)[C@H](NC(=O)[C@@H](C)[C@H](O)[C@@H](C)NC(=O)[C@@H](NC(=O)c1nc(nc(N)c1C)[C@H](CC(=O)N)NC[C@H](N)C(=O)N)[C@@H](O[C@H]2O[C@@H](CO)[C@H](O)[C@H](O)[C@@H]2O[C@H]3O[C@H](CO)[C@@H](O)[C@H](OC(=O)N)[C@@H]3O)c4c[nH]cn4)C(=O)NCCc5nc(cs5)c6nc(cs6)C(=O)O 
a1738,1,Nc1cc(cc(c1)[N+](=O)[O-])[N+](=O)[O-] 
a1739,1,Oc1c(Cl)c(Cl)c(O)c2C(=O)C=CC(=O)c12 
a1740,0,CC(C)CCCC(C)C1CCC2C3CC=C4CC(CCC4(C)C3CCC12C)OCCOCCO 
a1741,1,CC(=O)Nc1ccc(Oc2ccc(cc2)N(O)C=O)cc1 
a1742,1,[O-][N+](=O)c1cc(cs1)C(=O)Nc2cccc(Br)c2 
a1743,0,Fc1cnc2ccccc2c1 
a1744,1,Cc1cccc(C(=O)O)c1[N+](=O)[O-] 
a1745,1,O=C(OC\C=C\c1ccccc1)\C=C\c2ccccc2 
a1746,1,CCOP(=S)(OCC)OP(=S)(OCC)OCC 
a1747,0,NC(=O)c1cc[n+](COC[n+]2ccccc2\C=N\O)cc1 
a1748,0,O[C@H]1[C@H](O)c2nc3ccc4ccccc4c3cc2c5ccccc15 
a1749,0,CC(C)CN(CC(C)C)CC(C)C 
a1750,1,Oc1c(cc2c3ccccc3[nH]c2c1[N+](=O)[O-])[N+](=O)[O-] 
a1751,0,BrCc1ccc(Br)cc1 
a1752,0,Clc1cccc(Cl)c1C=O 
a1753,1,CNc1nc2c3cccnc3ccc2n1C 
a1754,0,ClCC1(C(Cl)Cl)C2C(Cl)C(Cl)C1(C(Cl)Cl)C(Cl)C2Cl 
a1756,0,Nc1nc2C3CCCNC3CCc2s1 
a1757,0,O[C@@H]([C@H](O)C(=O)O)C(=O)O 
a1758,1,OC[C@H]1O[C@@H](Oc2cc(O)cc3Oc4c(O)ccc(O)c4C(=O)c23)[C@H](O)[C@@H](O)[C@@H]1O 
a1759,1,c1ccc2[nH]c(nc2c1)c3cscn3 
a1760,1,CCCCOc1ccc(CC(=O)NO)cc1 
a1761,1,[O-][N+](=O)c1nc2ccccc2[nH]1 
a1762,1,Cc1cccn2c1nc3ccc(N)nc23 
a1763,1,Nc1ccc(c2ccc(N)cc2[N+](=O)[O-])c(c1)[N+](=O)[O-] 
a1764,1,[O-][N+](=O)c1ccc2c(c1)cc(c3ccc(cc23)[N+](=O)[O-])[N+](=O)[O-] 
a1765,1,NC(=O)c1cccc(c1)[N+](=O)[O-] 
a1766,0,Cc1ccc2OC(=O)C=Cc2c1 
a1767,0,CC12CCC3C(CC=C4CC(O)CCC34C)C1CCC2=O 
a1768,1,ONc1ccccc1 
a1769,1,Oc1c(cc2c3cc(ccc3[nH]c2c1[N+](=O)[O-])[N+](=O)[O-])[N+](=O)[O-] 
a1770,1,Cc1ccc(NO)cc1 
a1771,1,COc1ccccc1[N+](=O)[O-] 
a1772,0,Oc1nncc2ccccc12 
a1773,1,Cc1cc(C)c(N)c(C)c1 
a1774,0,CC(C)(C)C1=CC(=CC=C2C=C(C(=O)C(=C2)C(C)(C)C)C(C)(C)C)C=C(C1=O)C(C)(C)C 
a1775,1,[O-][N+](=O)c1oc(\C=N\N2C(=O)C=C(C=C2c3ccccc3)c4ccccc4)cc1 
a1776,1,CC1=C(O)C(=O)CO1 
a1777,1,CC[C@@H](Cl)[N+](=O)[O-] 
a1778,1,COC(=O)c1cc(Cc2ccc(N)c(c2)C(=O)OC)ccc1N 
a1779,1,OCCNCc1oc(cc1)[N+](=O)[O-] 
a1780,1,COc1cc(C(O)c2ncc([N+](=O)[O-])n2C)c(O)c(c1)C(C)(C)C 
a1781,1,Oc1c(cc(cc1[N+](=O)[O-])[N+](=O)[O-])[N+](=O)[O-] 
a1782,0,Oc1ccc(cc1)C2CC(=O)c3c(O)cc(O)cc3O2 
a1783,0,COc1cc(CCC(=O)C)ccc1O 
a1784,0,CN[C@H](C)[C@@H](O)c1ccccc1 
a1785,1,NCCc1ccc(O)c(O)c1 
a1786,1,CCCC\C=C\C=O 
a1787,1,COC(=O)c1cccc2Oc3c4[C@@H]5C=CO[C@H]5Oc4cc(OC)c3C(=O)c12 
a1788,0,CC1=CC(O)C2CC1C2(C)C 
a1789,1,ICCc1ccc(OCc2ccccc2)cc1 
a1790,1,CCOC(=O)c1[nH]c2ccccc2c1\N=C\c3cc(OC)c(OC)c(OC)c3 
a1791,1,[O-][N+](=O)c1ccc(s1)[C@@H]2NC(=O)c3ccccc3N2 
a1792,0,C=CC(=O)N1CCN(CC1)c2ccccc2 
a1793,1,CC(=O)c1ccc(s1)[N+](=O)[O-] 
a1794,0,c1cnccn1 
a1795,1,CC1c2ccccc2c3ccccc13 
a1796,0,CC(C)(c1cc(Br)c(O)c(Br)c1)c2cc(Br)c(O)c(Br)c2 
a1797,0,COC=C 
a1798,0,OC1COC(OCC2OC(Oc3ccc4C(=O)c5ccccc5C(=O)c4c3O)C(O)C(O)C2O)C(O)C1O 
a1800,1,O=C1c2ccccc2c3cccc4cccc1c34 
a1801,1,CC(Br)C(Br)COP(=O)(OCC(Br)C(C)Br)OCC(Br)C(C)Br 
a1802,0,CCOCN(C(=O)CCl)c1c(C)cccc1CC 
a1803,0,OS(=O)(=O)c1ccccc1[N+](=O)[O-] 
a1804,0,CCCCCCC(=O)OCC 
a1805,1,CC(C)(Cl)OC(C)(C)Cl 
a1806,0,CCOc1ccc(cc1)N=[N+]([O-])c2ccc(OCC)cc2 
a1807,1,Oc1ccc2c(ccc3[nH]c4ccc5ccccc5c4c23)c1 
a1808,1,OS(=O)(=O)c1cccc2C(=O)c3c(cccc3[N+](=O)[O-])C(=O)c12 
a1809,1,CC(=C)C(=O)OC[C@H]1CO1 
a1810,1,CC1C2C(=Nc3ccc(C)cc23)N(C)c4ccccc14 
a1811,1,CC1CN(\N=C\c2oc(cc2)[N+](=O)[O-])C(=O)N1 
a1812,0,COC(=O)C(CSCC(Br)c1ccccc1)NC(=O)C 
a1813,1,Cc1cc(ccc1N=Nc2c(O)c3c(N)cc(cc3cc2S(=O)(=O)O)S(=O)(=O)O)c4ccc(N=Nc5c(O)c6c(N)cc(cc6cc5S(=O)(=O)O)S(=O)(=O)O)c(C)c4 
a1814,1,CC(=O)Nc1ccc(cc1)C(=O)CCl 
a1815,0,OCNC(=O)CCl 
a1816,1,C[C@@H](Nc1[nH]cnc2nc(cc12)c3ccc(CCl)cc3)c4ccccc4 
a1817,1,CC1C=C(C=O)C(=CC2(O)CC(C)(C)CC12)C=O 
a1818,0,COc1cc(c(C)cc1N=Nc2c(O)ccc3cc(ccc23)S(=O)(=O)O)S(=O)(=O)O 
a1819,1,C1c2ccc3ccccc3c2Cc4ccc5ccccc5c14 
a1820,1,CC1=C2C(O)C(C)(CO)C=C2C(=O)C(C)(O)C13CC3 
a1822,0,CC(=O)OC(C)(C)C1Cc2cc3C=C(C(=O)Oc3cc2O1)C(C)(C)C=C 
a1823,0,OS(=O)c1ccc(Cl)cc1 
a1824,0,O=C1NC(=O)C(N1)(c2ccccc2)c3ccccc3 
a1825,0,Oc1ccccc1c2oc3ccccc3n2 
a1826,0,CC(C)CN(C(=O)CCCl)c1snc2ccccc12 
a1827,1,COc1cc(ccc1N=C=O)c2ccc(N=C=O)c(OC)c2 
a1828,0,COP(=O)(OC)C(OC(=O)CCl)C(Cl)(Cl)Cl 
a1829,0,Oc1c(cc(cc1[N+](=O)[O-])C(F)(F)F)[N+](=O)[O-] 
a1830,1,CCCCN(CCC(=O)O)N=O 
a1831,1,Clc1ccc2c(oc3ccccc23)c1 
a1832,1,COc1cc(OC)c(cc1OC)C2OC2C 
a1833,1,NNc1ccc(cc1[N+](=O)[O-])[N+](=O)[O-] 
a1834,1,COc1c2ccoc2nc3c(OC)c4OCOc4cc13 
a1835,1,Oc1ccc(Nc2ccc(cc2[N+](=O)[O-])[N+](=O)[O-])cc1 
a1836,1,CCC(=O)C1c2cccc(O)c2C(=O)c3c(O)cccc13 
a1837,1,OC(=O)c1cc(ccc1O)N=Nc2ccc(cc2)c3ccc(cc3)N=Nc4ccc(N=Nc5ccc(O)c(c5)C(=O)O)c6cc(ccc46)S(=O)(=O)O 
a1838,0,[O-][N+](=O)c1cc(NS(=O)(=O)c2cccc3cccnc23)ccc1Cl 
a1839,1,CC(=O)N(O)c1ccc(cc1)[N+](=O)[O-] 
a1840,0,CCCCCCCCCC(=O)O 
a1841,0,NC(CSC(F)(F)C(F)Cl)C(=O)O 
a1842,0,COc1c2OC(=O)C=Cc2c(OC)c3ccoc13 
a1843,0,CNC(=O)Oc1cccc2CC(C)(C)Oc12 
a1844,1,CC(C)(C)OC(=O)C(N)CN=N#N 
a1845,0,CCCCOC(=O)COc1ccc(Cl)cc1Cl 
a1846,0,Nc1ccc(Cl)c(Cl)c1Cl 
a1847,1,Cc1cc2cccc3ccc4c5ccccc5cc1c4c23 
a1848,0,C\C=C/C=C 
a1849,1,Clc1cccc2cccnc12 
a1850,1,OCCNCCNc1ccc(NCCNCCO)c2C(=O)c3c(O)ccc(O)c3C(=O)c12 
a1851,0,CN(C)CCO[C@H](c1ccccc1)c2ccccc2C 
a1852,1,CCc1c(O)ccc2c3CCO[C@@](CC)(CC(=O)O)c3[nH]c12 
a1853,0,CC(=O)[C@H]1CC[C@@H]2[C@@H]3CCC4=CC(=O)CC[C@]4(C)[C@H]3CC[C@]12C 
a1854,1,Cc1ccc(c(C)c1[N+](=O)[O-])[N+](=O)[O-] 
a1855,1,Cc1cc(N=Nc2ccc(cc2)S(=O)(=O)O)c(N)cc1N 
a1856,1,CCN(Cc1cccc(c1)S(=O)(=O)O)c2ccc(cc2)C(=C3C=CC(=[N+](CC)Cc4cccc(c4)S(=O)(=O)O)C=C3)c5ccc(cc5)S(=O)(=O)O 
a1857,1,Nc1cc2c3ccccc3c4cccc(c1)c24 
a1858,1,Cc1cc2c(C)c3ccccc3nc2c4ccccc14 
a1859,1,OC(=O)\C(=C(/Br)\C=O)\Br 
a1860,0,O=C1CSC(=S)N1 
a1861,0,CC(C)(C)OC(=O)O\N=C(/C#N)\c1ccccc1 
a1862,1,BrCC=C 
a1863,0,CCC(C)N1C(=O)NC(=C(Br)C1=O)C 
a1864,1,[O-][N+](=O)c1oc(cc1)c2cscn2 
a1865,1,NC(=N)NN=C(\C=C/c1oc(cc1)[N+](=O)[O-])\C=C/c2oc(cc2)[N+](=O)[O-] 
a1866,0,ClC1=C(Cl)[C@@]2(Cl)[C@H]3COS(=O)OC[C@@H]3[C@]1(Cl)C2(Cl)Cl 
a1867,0,Clc1ccc(Cl)c(Cl)c1 
a1868,0,COc1cccc2C(=O)c3c(O)c4C[C@](O)(C[C@H](O[C@H]5C[C@@H]([C@H](O)[C@H](C)O5)N6CCOC[C@H]6C#N)c4c(O)c3C(=O)c12)C(=O)CO 
a1869,1,COc1cccc(CN(C)N=O)c1 
a1871,1,CCCCOc1ccc2nc3cc(Cl)ccc3c(NCCCNCCCl)c2n1 
a1872,1,Cc1cc(C)cc(N)c1 
a1873,0,Oc1c(Cl)cc(Cl)c(Cl)c1Cl 
a1874,0,CC(=O)Oc1cccc2cccnc12 
a1875,1,Fc1cc(F)c2cccnc2c1 
a1876,0,CCCCCCCCCCOC(=O)C(=C)C 
a1877,0,CC(=O)C(=O)c1ccccc1 
a1878,1,Cc1ccc2cc3ccccc3c(C)c2c1 
a1879,0,Nc1ncnc2c1ncn2C3CC(O)C(CO)O3 
a1880,0,CC(C)S 
a1881,0,Clc1cccc2cc3ccccc3cc12 
a1882,1,c1ccc2c(c1)cc3sc4cccc5ccc2c3c45 
a1883,1,CC(=O)Nc1ccc2ccc3c(O)ccc4ccc1c2c34 
a1884,0,Cc1ccc(Nc2ccc(O)c3C(=O)c4ccccc4C(=O)c23)cc1 
a1885,0,CC(=O)N(O)c1ccc(Cl)c(Cl)c1 
a1886,1,OCc1ccc2nc3c(ccc4ccccc34)c(CO)c2c1 
a1887,1,ClC(C(=O)NCc1ccccc1)c2ccccc2 
a1888,0,C[C@@H](O)[C@@H](N)[C@H](O)[C@H](O)C=O 
a1889,0,Clc1c(Cl)c(Cl)c2Oc3c(Cl)c(Cl)c(Cl)c(Cl)c3Oc2c1Cl 
a1890,0,OCC1OC(CC1O)N2C=C(C=O)C(=O)NC2=O 
a1891,0,O1C(C1c2ccccc2)c3ccccc3 
a1892,0,OCc1cc2cccc3ccc4cc5ccccc5c1c4c23 
a1893,1,OC1C(O)c2ccc3c4CCCc4ccc3c2C5OC15 
a1894,1,Cc1nccc2c3ccccc3[nH]c12 
a1895,1,COC(=O)C1Cc2c([nH]c3ccc(cc23)[N+](=O)[O-])C(C)N1N=O 
a1896,1,CCN(CC[N+](C)(C)C)c1ccc(cc1)N=Nc2ccc(cc2Cl)[N+](=O)[O-] 
a1897,0,COc1ccc2C(=CC(=O)Oc2c1)CBr 
a1898,1,Nc1ccc2nc3cc(N)ccc3nc2c1 
a1899,0,CC(C)(C)c1c(N)ccc2c1Cc3ccccc23 
a1900,0,c1ccc2ccccc2c1 
a1901,0,COc1ccc(O)cc1 
a1902,1,CN1CCc2c1ccc3ccc4ccc(O)cc4c23 
a1903,1,[O-][N+](=O)c1ccc2ccc3c4C=CCCc4cc5ccc1c2c35 
a1904,0,C[C@@H](O)CNC[C@@H](C)O 
a1905,0,c1ccc2[nH]cnc2c1 
a1906,0,OC(=O)CCC(NC(=O)COc1cc(Cl)c(Cl)cc1Cl)C(=O)O 
a1907,0,COP(=O)(OC)SC 
a1908,0,CCc1ccnc2ccccc12 
a1909,0,CCCOC(C(=O)OC1CCN(C)CC1)(c2ccccc2)c3ccccc3 
a1910,0,CCC[CH-][N+](=O)[O-] 
a1911,0,Oc1ccc(cc1)C2(CCCCC2)c3ccc(O)cc3 
a1912,1,CCOP(=S)(OCC)Oc1nc(Cl)n(n1)C(C)C 
a1913,0,Nc1ccc(\C=C\C(=O)O)cc1 
a1914,0,Fc1ccc(CCl)cc1 
a1915,0,Cc1ccc(C)c(C)c1 
a1916,0,CCOCC(=O)O 
a1917,1,ONc1ccc(Oc2ccccc2)cc1 
a1918,0,NC(Cc1ccccc1)C(=O)O 
a1919,1,Nc1ccc(cc1N)c2ccc(N)c(N)c2 
a1920,1,Cc1cc2c(O)cccc2c3cc4ccccc4cc13 
a1921,0,COc1ccc(cc1OC)C(=O)N2CCN(CC2)c3ccc4NC(=O)CCc4c3 
a1922,0,CCCC(=O)OCC 
a1923,0,CC(CCC(=O)O)C1CCC2C3CCC4CC(O)CCC4(C)C3CC(=O)C12C 
a1924,1,[O-][N+](=O)c1ccc2cccc3C=Cc1c23 
a1925,0,CC(C)(COC(=O)C=C)COC(=O)C=C 
a1926,1,O=C1C=Cc2ccc3c(ccc4ccccc34)c2C1=O 
a1927,0,Cc1c(O)cccc1O 
a1928,1,Cc1ccccc1N=Nc2ccc(N=Nc3c(O)ccc4ccccc34)c(C)c2 
a1929,1,COc1cc(NS(=O)(=O)C)ccc1Nc2c3ccccc3nc4cc(ccc24)N=N#N 
a1930,0,C[C@@H]1C[C@H]2OC(=O)C(=C)[C@H]2[C@H](O)[C@]3(C)[C@H]1C=CC3=O 
a1931,1,CC(C)OS(=O)(=O)c1ccc(C)cc1 
a1932,0,Nc1cccc2nc3cccc(N)c3nc12 
a1933,0,CN(C)CC[C@@H](c1ccccc1)c2ccccn2 
a1934,1,[O-][N+](=O)c1ccc(Cl)cc1 
a1935,0,CCc1cnccn1 
a1936,1,Nc1nc(cs1)c2cc(cs2)[N+](=O)[O-] 
a1937,1,OC(=O)\C(=C(\CCl)/C(Cl)Cl)\Cl 
a1938,0,Nc1ccc(C=O)cc1 
a1939,1,OS(=O)(=O)OCc1c2ccccc2cc3c1ccc4ccccc34 
a1940,1,Oc1ccc(Cl)c2C(=O)c3c(O)ccc(Cl)c3C(=O)c12 
a1941,1,OS(=O)(=O)ONNCCc1ccccc1 
a1942,1,OCc1ccc(cc1[N+](=O)[O-])[N+](=O)[O-] 
a1943,1,CNc1ccc2ncc(C)nc2c1C 
a1944,0,CC(=O)Nc1cccc2ncccc12 
a1945,0,OC(CC(=O)O)C(=O)O 
a1946,1,Cc1ccc2nc3c4C=CC(O)C(O)c4ccc3c(C)c2c1 
a1947,1,C1CN=C(N\N=C\c2c3ccccc3c(\C=N\NC4=NCCN4)c5ccccc25)N1 
a1948,1,COc1cc2ccnc3C(=O)c4ccccc4c(c1OC)c23 
a1949,0,CCOc1cccc2cccnc12 
a1950,0,O=C(\C=C\c1ccccc1)c2ccccc2 
a1951,0,CCOC(=O)CCl 
a1952,0,O\N=C\c1cccc[n+]1CCOCC#C 
a1953,0,CC1=CC(=O)C=C(C)C1=O 
a1954,0,ClCCN(CCCl)CCCl 
a1955,1,[O-][N+](=O)c1ccc2[nH]c3ccccc3c2c1 
a1956,1,NC(CN=N#N)C(=O)O 
a1957,0,Cn1c(N)nc2cc(O)ccc12 
a1958,1,CS(=O)(=O)N1C2C1c3ccccc3c4ccccc24 
a1959,1,OCCn1c(CO)ncc1[N+](=O)[O-] 
a1960,0,C[C@]12C[C@H](O)[C@H]3[C@@H](CCC4=CC(=O)C=C[C@]34C)[C@@H]1CC[C@]2(O)C(=O)CO 
a1961,0,CCN=NC(C)(C)OO 
a1962,0,COC(=O)C 
a1964,0,CC1C=C(C=O)C(C=O)C(O)C2CC(C)(C)CC12 
a1965,0,CC(=O)c1c(C)c(c(c(c1C)[N+](=O)[O-])C(C)(C)C)[N+](=O)[O-] 
a1967,1,Cc1ccc(N)cc1O 
a1968,0,CCCCOC(=O)c1cccc2cccnc12 
a1969,1,COc1ccc2c(c1)[nH]c3c(C)nccc23 
a1970,1,CC1CC2(OC3OC(CO)C(O)C(O)C3O)C=C(C)C4(CC4)C(C)(O)C2C1=O 
a1971,0,[O-][N+](=O)c1c2CCCCc2c3ccc4cccc5ccc1c3c45 
a1972,0,Cn1c(ncc1[N+](=O)[O-])C(O)c2cc(cc(c2O)C(C)(C)C)C(C)(C)C 
a1973,0,CC(=O)Nc1cc2Cc3ccccc3c2cc1O 
a1974,1,[O-][N+](=O)c1ccc2c[nH]nc2c1 
a1975,0,CC(=C)C(=O)OCCCCCOC(=O)C(=C)C 
a1976,0,Cc1cc(C)c2ccccc2c1 
a1977,0,CCCCCCCCCCCC[C@H]1CO1 
a1978,0,Cc1ccc(cc1)C(=O)N2N=CC(=C(Cl)C2=O)Cl 
a1979,1,OC1C2OC2c3c(ccc4cc5c(ccc6ccccc56)nc34)C1O 
a1980,1,Cc1ccc(N)cc1N=Nc2cc(N)ccc2C 
a1981,0,OC(=O)c1ccc(Cl)c(Cl)c1 
a1982,0,Cc1ncc2CCCc2n1 
a1983,1,CCCCON(OC(=O)C)C(=O)c1ccc2ccccc2c1 
a1985,0,Clc1c(Cl)c(C#N)c(Cl)c(C#N)c1Cl 
a1986,0,o1ccc2ccccc12 
a1987,1,CCN(CC)c1ccc2c(c3ccccc3C(=O)O)c4ccc(cc4[o+]c2c1)N(CC)CC 
a1988,1,C1N2CN3CN(CN1C3)C2 
a1989,0,C[N@+]1([O-])CCC[C@@H]1c2cccnc2 
a1990,0,NC(=O)c1ccc(N)cc1 
a1991,0,Cc1cc(C)c(cc1N=Nc2cc(c3ccccc3c2O)S(=O)(=O)O)S(=O)(=O)O 
a1992,1,COc1ccc(cc1)C2OC2C 
a1993,1,Nc1ccc(CCc2ccc(N)cc2)cc1 
a1994,1,c1ccc2c(c1)ccc3c4ccccc4ccc23 
a1995,1,[O-][N+](=O)c1cccc2nscc12 
a1996,0,CN(C)c1ccc(cc1)C(=C2C=CC(=[N+](C)C)C=C2)c3ccccc3 
a1997,0,Nc1ccc(c2ccc(N)cc2S(=O)(=O)O)c(c1)S(=O)(=O)O 
a1998,1,[O-][N+](=O)C1=Cc2cccc3cccc1c23 
a1999,0,CC(C)OC(=O)C 
a2000,1,[O-][N+](=O)c1oc(\C=C/c2csc(NC=O)n2)cc1 
a2001,1,COC(=O)c1ccc(c2c(NCCCN(C)C)c3ccccc3nc12)[N+](=O)[O-] 
a2002,0,OCc1ccc2C(=O)c3ccccc3C(=O)c2c1 
a2003,0,CCN(CC)c1ccc(cc1)N=Nc2cccnc2 
a2004,1,COCCOC(=O)C 
a2005,0,CCC1OC(=O)C(C)C(OC2CC(C)(OC)C(O)C(C)O2)C(C)C(OC3OC(C)CC(C3O)N(C)C)C(C)(O)CC(C)\C(=N\OCOCCOC)\C(C)C(O)C1(C)O 
a2006,0,Cc1cc(O)c2C(=C3C(=O)C4C(O)C5C6C(O)C(C(=O)C7=C(O)c8c(O)cc(C)cc8C(=O)C467)C35C(=O)c2c1)O 
a2007,1,[O-][N+](=O)c1ccc2ncccc2c1 
a2008,1,Fc1cc2cccnc2c3cccnc13 
a2009,1,CCCCCCCC(=O)\N=C\1/SN(C(=O)CCCCCCC)c2ccc(cc12)[N+](=O)[O-] 
a2010,1,Nc1ccc(Oc2ccc(cc2)[N+](=O)[O-])cc1 
a2011,0,OC(=O)CCC(=O)Nc1ccc(Cl)c(Cl)c1 
a2012,0,CC(=C)C(=O)O 
a2013,1,CN(C)c1ccc(cc1)N=Nc2cccc3ccccc23 
a2014,1,CN(C)c1ccc(N=Nc2ccccc2)c(C)c1 
a2015,1,Nc1c2ccccc2nc3ccc(Cl)cc13 
a2016,1,CCN1CCN(CC1)c2cc3N(C=C(C(=O)O)C(=O)c3cc2F)C4CC4 
a2017,1,CCC(=O)N(O)c1ccc(\C=C\c2ccccc2)cc1 
a2018,1,BrC[C@@H](Br)COP(=O)(OC[C@H](Br)CBr)OC[C@H](Br)CBr 
a2019,1,OC1C=Cc2c(cc3c4ccccc4c5c6ccccc6cc2c35)C1O 
a2020,1,CC(=O)N(O)c1ccc(cc1)c2ccccc2 
a2021,1,CC1(C)CC2C=C(C=O)C34CC3(C2C1)C(=O)OC4O 
a2022,1,C[C@@]1(CO1)c2ccc(cc2)[N+](=O)[O-] 
a2023,1,CN(CCC#N)c1ccc(cc1)N=Nc2ccccc2 
a2024,1,CCCCCCC(C)(C)C(=O)OC[C@@H]1CO1 
a2026,0,C[C@H](CO)[N+](=O)[O-] 
a2027,1,CCN(CC)c1ccc(cc1)C(=C2C=CC(=[N+](CC)CC)C=C2)c3ccc(cc3)N(CC)CC 
a2028,0,CC(C)[C@H]1CC[C@H](C)C[C@@H]1O 
a2029,1,OC1C=Cc2c(ccc3nc4ccc5ccccc5c4cc23)C1O 
a2030,1,CC[C@@]12O[C@]1(C(=O)OC)C(=O)O[C@H]2C 
a2031,1,CCCCCCOC[C@H]1CO1 
a2032,1,CN(C)S(=O)(=O)CCNC(=O)N(CCCl)N=O 
a2033,0,OCC1OC(OC2(CO)OC(CO)C(O)C2O)C(O)C(O)C1O 
a2034,0,CCCCCCCCC\C=C\C[C@H]1CC(=O)OC1=O 
a2035,0,CC1C=Cc2ccc3ccc4ccccc4c3c12 
a2036,1,Nc1nc(nc2c1ncn2C3OC(CO)C(O)C3O)c4ccc(cc4)[N+](=O)[O-] 
a2037,1,OC1C(O)c2cccc3c4cc5ccccc5cc4C6(OC16)c23 
a2038,1,COC(=O)c1cc2OCOc2c3c4cccc(OC)c4cc(c13)[N+](=O)[O-] 
a2039,0,C[C@@H]1C(C)(C)c2cc(C)c(cc2C1(C)C)C(=O)C 
a2040,0,OC1COC(Nc2ccc(cc2)[N+](=O)[O-])C(O)C1O 
a2041,0,[O-][N+](=O)c1ccccc1COC(=O)c2ccccc2 
a2042,1,OC(=O)\C=C\Cl 
a2043,1,CC(=O)OCN(N=O)c1ccccc1 
a2044,0,Cn1cccc1 
a2045,1,OC[C@H]1O[C@H]([C@H](O)[C@@H]1O)n2cnc3c(S)ncnc23 
a2046,1,[O-][N+](=O)c1ccc2c(CCc3cc4CCCCc4cc23)c1 
a2047,1,[O-][N+](=O)c1cccc(c1)C(=O)ON(OCc2ccccc2)C(=O)c3ccccc3 
a2048,1,Nc1ccccc1S 
a2049,0,Cc1ccc(N)c(c1)S(=O)(=O)O 
a2050,1,Oc1c2nc3ccccc3c2nnn1\N=C\c4ccccc4 
a2051,0,Cc1cc(O)nc(S)n1 
a2052,1,ClC(Cl)(Cl)SN1C(=O)[C@@H]2CC=CC[C@H]2C1=O 
a2053,0,CN(C)c1ccc(\C=C\C=O)cc1 
a2054,0,C\C=N\N(C)C=O 
a2055,1,CCO[P@](=O)(Oc1ccc(cc1)[N+](=O)[O-])c2ccccc2 
a2056,1,[O-][N+](=O)c1cc2ccc3cccc4ccc(c1)c2c34 
a2057,1,COC(=O)C12OC1(C)C(C)OC2=O 
a2058,1,O=C1C=Cc2c(cc3ccc4cccc5ccc2c3c45)C1=O 
a2059,0,OC(=O)C(F)(F)C(F)(Cl)C(F)(F)C(F)(Cl)C(F)(F)Cl 
a2060,1,Cc1ccc2cc3ccc4ccccc4c3cc2c1 
a2061,1,CC(C)S(=O)(=O)Cl 
a2062,0,OC(=O)\C=C\c1ccc(\C=C\C(=O)O)cc1 
